,Format,Formula,Summary,Applies To,Time Scale,Time Range,Versions,Style,Cell Count,Calculation Effort,Notes,Read Access Driver,Write Access Driver,Users List,Parent,Is Summary,Formula Scope,Code,Use Switchover,Breakback,Brought-Forward,Start of Section,Data Tags,Referenced By,Module Name
SYS00 Model Settings,,,,,Not Applicable,Not Applicable,Not Applicable,,9,,,,,Show All Users: On,,,,,,New Line Items: Off,,,,,
Current Period,"{""periodType"":""MONTH"",""dataType"":""TIME_ENTITY""}",,"{""summaryMethod"":""NONE"",""timeSummaryMethod"":""NONE"",""timeSummarySameAsMainSummary"":true}",-,Not Applicable,Not Applicable,Not Applicable,,1,,,-,-,,,false,-,,false,false,false,false,-,'SYS01 Time Settings'.Current Period?,SYS00 Model Settings
Forecast Start,"{""periodType"":""MONTH"",""dataType"":""TIME_ENTITY""}",,"{""summaryMethod"":""NONE"",""timeSummaryMethod"":""NONE"",""timeSummarySameAsMainSummary"":true}",-,Not Applicable,Not Applicable,Not Applicable,,1,,,-,-,,,false,-,,false,false,false,false,-,'SYS01 Time Settings'.Actual?,SYS00 Model Settings
Model Start,"{""periodType"":""MONTH"",""dataType"":""TIME_ENTITY""}",,"{""summaryMethod"":""NONE"",""timeSummaryMethod"":""NONE"",""timeSummarySameAsMainSummary"":true}",-,Not Applicable,Not Applicable,Not Applicable,,1,,,-,-,,,false,-,,false,false,false,false,-,'SYS01 Time Settings'.First Period?,SYS00 Model Settings
Reporting Currency,"{""hierarchyEntityLongId"":101000000451,""selectiveAccessApplied"":false,""showAll"":true,""dataType"":""ENTITY""}",,"{""summaryMethod"":""NONE"",""timeSummaryMethod"":""NONE"",""timeSummarySameAsMainSummary"":true}",-,Not Applicable,Not Applicable,Not Applicable,,1,,,-,-,,,false,-,,false,false,false,false,-,,SYS00 Model Settings
Default VAT Rate,"{""minimumSignificantDigits"":4,""decimalPlaces"":1,""decimalSeparator"":""FULL_STOP"",""groupingSeparator"":""COMMA"",""negativeNumberNotation"":""MINUS_SIGN"",""unitsType"":""PERCENTAGE"",""unitsDisplayType"":""PERCENTAGE"",""zeroFormat"":""ZERO"",""comparisonIncrease"":""GOOD"",""dataType"":""NUMBER""}",,"{""summaryMethod"":""NONE"",""timeSummaryMethod"":""NONE"",""timeSummarySameAsMainSummary"":true}",-,Not Applicable,Not Applicable,Not Applicable,,1,,,-,-,,,false,-,,false,false,false,false,-,,SYS00 Model Settings
NI Threshold,"{""minimumSignificantDigits"":4,""decimalPlaces"":-1,""decimalSeparator"":""FULL_STOP"",""groupingSeparator"":""COMMA"",""negativeNumberNotation"":""MINUS_SIGN"",""unitsType"":""NONE"",""unitsDisplayType"":""NONE"",""zeroFormat"":""ZERO"",""comparisonIncrease"":""GOOD"",""dataType"":""NUMBER""}",,"{""summaryMethod"":""NONE"",""timeSummaryMethod"":""NONE"",""timeSummarySameAsMainSummary"":true}",-,Not Applicable,Not Applicable,Not Applicable,,1,,Annual. Update each April.,-,-,,,false,-,,false,false,false,false,-,'INP03 Headcount'.NI Threshold,SYS00 Model Settings
NI Rate,"{""minimumSignificantDigits"":4,""decimalPlaces"":1,""decimalSeparator"":""FULL_STOP"",""groupingSeparator"":""COMMA"",""negativeNumberNotation"":""MINUS_SIGN"",""unitsType"":""PERCENTAGE"",""unitsDisplayType"":""PERCENTAGE"",""zeroFormat"":""ZERO"",""comparisonIncrease"":""GOOD"",""dataType"":""NUMBER""}",,"{""summaryMethod"":""NONE"",""timeSummaryMethod"":""NONE"",""timeSummarySameAsMainSummary"":true}",-,Not Applicable,Not Applicable,Not Applicable,,1,,,-,-,,,false,-,,false,false,false,false,-,'INP03 Headcount'.NI Rate,SYS00 Model Settings
Corporation Tax Rate,"{""minimumSignificantDigits"":4,""decimalPlaces"":1,""decimalSeparator"":""FULL_STOP"",""groupingSeparator"":""COMMA"",""negativeNumberNotation"":""MINUS_SIGN"",""unitsType"":""PERCENTAGE"",""unitsDisplayType"":""PERCENTAGE"",""zeroFormat"":""ZERO"",""comparisonIncrease"":""GOOD"",""dataType"":""NUMBER""}",,"{""summaryMethod"":""NONE"",""timeSummaryMethod"":""NONE"",""timeSummarySameAsMainSummary"":true}",-,Not Applicable,Not Applicable,Not Applicable,,1,,,-,-,,,false,-,,false,false,false,false,-,,SYS00 Model Settings
Lock Actuals?,"{""dataType"":""BOOLEAN""}",,"{""summaryMethod"":""NONE"",""timeSummaryMethod"":""NONE"",""timeSummarySameAsMainSummary"":true}",-,Not Applicable,Not Applicable,Not Applicable,,1,,,-,-,,,false,-,,false,false,false,false,-,,SYS00 Model Settings
SYS01 Time Settings,,,,,Month,Model Calendar,Not Applicable,,468,,,,,Show All Users: On,,,,,,New Line Items: Off,,,,,
Current Period?,"{""dataType"":""BOOLEAN""}",ITEM(Time) = 'SYS00 Model Settings'.Current Period,"{""summaryMethod"":""NONE"",""timeSummaryMethod"":""NONE"",""timeSummarySameAsMainSummary"":true}",-,Month,Model Calendar,Not Applicable,,36,00.00%,,-,-,,,false,-,,false,false,false,false,-,,SYS01 Time Settings
Actual?,"{""dataType"":""BOOLEAN""}",ITEM(Time) < 'SYS00 Model Settings'.Forecast Start,"{""summaryMethod"":""NONE"",""timeSummaryMethod"":""NONE"",""timeSummarySameAsMainSummary"":true}",-,Month,Model Calendar,Not Applicable,,36,00.00%,,-,-,,,false,-,,false,false,false,false,-,"'CAL01 Volumes'.Units, 'CAL02 Revenue'.Actual or Forecast, 'CAL03 Opex'.Opex, 'CAL05 Opex OLD'.Actual, 'CAL05 Opex OLD'.Opex, 'CAL12 Driver Phasing'.Agency Fees Phased, 'CAL12 Driver Phasing'.Audit Fees Phased, 'CAL12 Driver Phasing'.Business Rates Phased, 'CAL12 Driver Phasing'.Cleaning Phased, 'CAL12 Driver Phasing'.Consultancy Phased, 'CAL12 Driver Phasing'.Contractors Phased, 'CAL12 Driver Phasing'.Hardware Phased, 'CAL12 Driver Phasing'.Hotels Phased, 'CAL12 Driver Phasing'.Insurance Phased, 'CAL12 Driver Phasing'.Legal Fees Phased, 'CAL12 Driver Phasing'.Marketing Digital Phased, 'CAL12 Driver Phasing'.Marketing Events Phased, 'CAL12 Driver Phasing'.Marketing Print Phased, 'CAL12 Driver Phasing'.Memberships Phased, 'CAL12 Driver Phasing'.Mileage Phased, 'CAL12 Driver Phasing'.Mobile Phased, 'CAL12 Driver Phasing'.Postage Phased, 'CAL12 Driver Phasing'.Printing Phased, 'CAL12 Driver Phasing'.Recruitment Fees Phased, 'CAL12 Driver Phasing'.Rent Phased, 'CAL12 Driver Phasing'.Security Phased, 'CAL12 Driver Phasing'.Software Licences Phased, 'CAL12 Driver Phasing'.Software Support Phased, 'CAL12 Driver Phasing'.Stationery Phased, 'CAL12 Driver Phasing'.Subscriptions Phased, 'CAL12 Driver Phasing'.Subsistence Phased, 'CAL12 Driver Phasing'.Telecoms Phased, 'CAL12 Driver Phasing'.Training Phased, 'CAL12 Driver Phasing'.Travel Phased, 'CAL12 Driver Phasing'.Utilities Phased, Forecast?",SYS01 Time Settings
Forecast?,"{""dataType"":""BOOLEAN""}",NOT Actual?,"{""summaryMethod"":""NONE"",""timeSummaryMethod"":""NONE"",""timeSummarySameAsMainSummary"":true}",-,Month,Model Calendar,Not Applicable,,36,00.00%,,-,-,,,false,-,,false,false,false,false,-,,SYS01 Time Settings
First Period?,"{""dataType"":""BOOLEAN""}",ITEM(Time) = 'SYS00 Model Settings'.Model Start,"{""summaryMethod"":""NONE"",""timeSummaryMethod"":""NONE"",""timeSummarySameAsMainSummary"":true}",-,Month,Model Calendar,Not Applicable,,36,00.00%,,-,-,,,false,-,,false,false,false,false,-,'CAL08 Cash Flow'.Opening Cash,SYS01 Time Settings
Start of Month,"{""dataType"":""DATE""}",START(),"{""summaryMethod"":""NONE"",""timeSummaryMethod"":""NONE"",""timeSummarySameAsMainSummary"":true}",-,Month,Model Calendar,Not Applicable,,36,00.00%,,-,-,,,false,-,,false,false,false,false,-,,SYS01 Time Settings
End of Month,"{""dataType"":""DATE""}",END(),"{""summaryMethod"":""NONE"",""timeSummaryMethod"":""NONE"",""timeSummarySameAsMainSummary"":true}",-,Month,Model Calendar,Not Applicable,,36,00.00%,,-,-,,,false,-,,false,false,false,false,-,,SYS01 Time Settings
Days in Month,"{""minimumSignificantDigits"":4,""decimalPlaces"":-1,""decimalSeparator"":""FULL_STOP"",""groupingSeparator"":""COMMA"",""negativeNumberNotation"":""MINUS_SIGN"",""unitsType"":""NONE"",""unitsDisplayType"":""NONE"",""zeroFormat"":""ZERO"",""comparisonIncrease"":""GOOD"",""dataType"":""NUMBER""}",DAYS(),"{""summaryMethod"":""NONE"",""timeSummaryMethod"":""NONE"",""timeSummarySameAsMainSummary"":true}",-,Month,Model Calendar,Not Applicable,,36,00.00%,,-,-,,,false,-,,false,false,false,false,-,Working Days,SYS01 Time Settings
Weekend Days,"{""minimumSignificantDigits"":4,""decimalPlaces"":-1,""decimalSeparator"":""FULL_STOP"",""groupingSeparator"":""COMMA"",""negativeNumberNotation"":""MINUS_SIGN"",""unitsType"":""NONE"",""unitsDisplayType"":""NONE"",""zeroFormat"":""ZERO"",""comparisonIncrease"":""GOOD"",""dataType"":""NUMBER""}",,"{""summaryMethod"":""NONE"",""timeSummaryMethod"":""NONE"",""timeSummarySameAsMainSummary"":true}",-,Month,Model Calendar,Not Applicable,,36,,,-,-,,,false,-,,false,false,false,false,-,Working Days,SYS01 Time Settings
Bank Holidays,"{""minimumSignificantDigits"":4,""decimalPlaces"":-1,""decimalSeparator"":""FULL_STOP"",""groupingSeparator"":""COMMA"",""negativeNumberNotation"":""MINUS_SIGN"",""unitsType"":""NONE"",""unitsDisplayType"":""NONE"",""zeroFormat"":""ZERO"",""comparisonIncrease"":""GOOD"",""dataType"":""NUMBER""}",,"{""summaryMethod"":""NONE"",""timeSummaryMethod"":""NONE"",""timeSummarySameAsMainSummary"":true}",-,Month,Model Calendar,Not Applicable,,36,,,-,-,,,false,-,,false,false,false,false,-,Working Days,SYS01 Time Settings
Working Days,"{""minimumSignificantDigits"":4,""decimalPlaces"":-1,""decimalSeparator"":""FULL_STOP"",""groupingSeparator"":""COMMA"",""negativeNumberNotation"":""MINUS_SIGN"",""unitsType"":""NONE"",""unitsDisplayType"":""NONE"",""zeroFormat"":""ZERO"",""comparisonIncrease"":""GOOD"",""dataType"":""NUMBER""}",Days in Month - Weekend Days - Bank Holidays,"{""summaryMethod"":""NONE"",""timeSummaryMethod"":""NONE"",""timeSummarySameAsMainSummary"":true}",-,Month,Model Calendar,Not Applicable,,36,00.00%,,-,-,,,false,-,,false,false,false,false,-,,SYS01 Time Settings
Month Name,"{""textType"":""GENERAL"",""dataType"":""TEXT""}",NAME(ITEM(Time)),"{""summaryMethod"":""NONE"",""timeSummaryMethod"":""NONE"",""timeSummarySameAsMainSummary"":true}",-,Month,Model Calendar,Not Applicable,,36,00.00%,,-,-,,,false,-,,false,false,false,false,-,,SYS01 Time Settings
Year,"{""minimumSignificantDigits"":4,""decimalPlaces"":-1,""decimalSeparator"":""FULL_STOP"",""groupingSeparator"":""COMMA"",""negativeNumberNotation"":""MINUS_SIGN"",""unitsType"":""NONE"",""unitsDisplayType"":""NONE"",""zeroFormat"":""ZERO"",""comparisonIncrease"":""GOOD"",""dataType"":""NUMBER""}",YEAR(START()),"{""summaryMethod"":""NONE"",""timeSummaryMethod"":""NONE"",""timeSummarySameAsMainSummary"":true}",-,Month,Model Calendar,Not Applicable,,36,00.00%,,-,-,,,false,-,,false,false,false,false,-,,SYS01 Time Settings
Period Number,"{""minimumSignificantDigits"":4,""decimalPlaces"":-1,""decimalSeparator"":""FULL_STOP"",""groupingSeparator"":""COMMA"",""negativeNumberNotation"":""MINUS_SIGN"",""unitsType"":""NONE"",""unitsDisplayType"":""NONE"",""zeroFormat"":""ZERO"",""comparisonIncrease"":""GOOD"",""dataType"":""NUMBER""}",MONTH(START()),"{""summaryMethod"":""NONE"",""timeSummaryMethod"":""NONE"",""timeSummarySameAsMainSummary"":true}",-,Month,Model Calendar,Not Applicable,,36,00.00%,,-,-,,,false,-,,false,false,false,false,-,,SYS01 Time Settings
SYS02 Cost Centre Attributes,,,,Cost Centres,Not Applicable,Not Applicable,Not Applicable,,1463,,,,,Show All Users: On,,,,,,New Line Items: Off,,,,,
Department,"{""hierarchyEntityLongId"":101000000860,""selectiveAccessApplied"":false,""showAll"":true,""dataType"":""ENTITY""}",,"{""summaryMethod"":""NONE"",""timeSummaryMethod"":""NONE"",""timeSummarySameAsMainSummary"":true}",Cost Centres,Not Applicable,Not Applicable,Not Applicable,,133,,,-,-,,,false,-,,false,false,false,false,-,"'CAL06 Department Summary'.Benchmark Opex, 'CAL06 Department Summary'.FTE, 'CAL06 Department Summary'.Opex, 'CAL06 Department Summary'.Revenue, 'CAL06 Department Summary'.Staff Cost, Sales CC?",SYS02 Cost Centre Attributes
Region,"{""hierarchyEntityLongId"":101000000376,""selectiveAccessApplied"":false,""showAll"":true,""dataType"":""ENTITY""}",,"{""summaryMethod"":""NONE"",""timeSummaryMethod"":""NONE"",""timeSummarySameAsMainSummary"":true}",Cost Centres,Not Applicable,Not Applicable,Not Applicable,,133,,,-,-,,,false,-,,false,false,false,false,-,Region Code,SYS02 Cost Centre Attributes
Legal Entity,"{""hierarchyEntityLongId"":101000000809,""selectiveAccessApplied"":false,""showAll"":true,""dataType"":""ENTITY""}",,"{""summaryMethod"":""NONE"",""timeSummaryMethod"":""NONE"",""timeSummarySameAsMainSummary"":true}",Cost Centres,Not Applicable,Not Applicable,Not Applicable,,133,,,-,-,,,false,-,,false,false,false,false,-,"'CAL08 Cash Flow'.Capex, 'CAL08 Cash Flow'.EBITDA, 'CAL08 Cash Flow'.Revenue",SYS02 Cost Centre Attributes
Currency,"{""hierarchyEntityLongId"":101000000451,""selectiveAccessApplied"":false,""showAll"":true,""dataType"":""ENTITY""}",,"{""summaryMethod"":""NONE"",""timeSummaryMethod"":""NONE"",""timeSummarySameAsMainSummary"":true}",Cost Centres,Not Applicable,Not Applicable,Not Applicable,,133,,,-,-,,,false,-,,false,false,false,false,-,"'CAL03 Opex'.Opex GBP, 'CAL05 Opex OLD'.Opex GBP",SYS02 Cost Centre Attributes
Active?,"{""dataType"":""BOOLEAN""}",,"{""summaryMethod"":""NONE"",""timeSummaryMethod"":""NONE"",""timeSummarySameAsMainSummary"":true}",Cost Centres,Not Applicable,Not Applicable,Not Applicable,,133,,,-,-,,,false,-,,false,false,false,false,-,,SYS02 Cost Centre Attributes
Cost Centre Code,"{""textType"":""GENERAL"",""dataType"":""TEXT""}",CODE(ITEM(Cost Centres)),"{""summaryMethod"":""NONE"",""timeSummaryMethod"":""NONE"",""timeSummarySameAsMainSummary"":true}",Cost Centres,Not Applicable,Not Applicable,Not Applicable,,133,00.00%,,-,-,,,false,-,,false,false,false,false,-,CC and Region,SYS02 Cost Centre Attributes
Group,"{""hierarchyEntityLongId"":101000000351,""selectiveAccessApplied"":false,""showAll"":true,""dataType"":""ENTITY""}",PARENT(ITEM(Cost Centres)),"{""summaryMethod"":""NONE"",""timeSummaryMethod"":""NONE"",""timeSummarySameAsMainSummary"":true}",Cost Centres,Not Applicable,Not Applicable,Not Applicable,,133,00.00%,,-,-,,,false,-,,false,false,false,false,-,,SYS02 Cost Centre Attributes
Owner,"{""textType"":""GENERAL"",""dataType"":""TEXT""}",,"{""summaryMethod"":""NONE"",""timeSummaryMethod"":""NONE"",""timeSummarySameAsMainSummary"":true}",Cost Centres,Not Applicable,Not Applicable,Not Applicable,,133,,,-,-,,,false,-,,false,false,false,false,-,,SYS02 Cost Centre Attributes
Region Code,"{""textType"":""GENERAL"",""dataType"":""TEXT""}",CODE(Region),"{""summaryMethod"":""NONE"",""timeSummaryMethod"":""NONE"",""timeSummarySameAsMainSummary"":true}",Cost Centres,Not Applicable,Not Applicable,Not Applicable,,133,00.00%,,-,-,,,false,-,,false,false,false,false,-,CC and Region,SYS02 Cost Centre Attributes
CC and Region,"{""textType"":""GENERAL"",""dataType"":""TEXT""}","Cost Centre Code & "" - "" & Region Code","{""summaryMethod"":""NONE"",""timeSummaryMethod"":""NONE"",""timeSummarySameAsMainSummary"":true}",Cost Centres,Not Applicable,Not Applicable,Not Applicable,,133,00.00%,,-,-,,,false,-,,false,false,false,false,-,,SYS02 Cost Centre Attributes
Sales CC?,"{""dataType"":""BOOLEAN""}",Department = Departments.Sales,"{""summaryMethod"":""NONE"",""timeSummaryMethod"":""NONE"",""timeSummarySameAsMainSummary"":true}",Cost Centres,Not Applicable,Not Applicable,Not Applicable,,133,00.00%,,-,-,,,false,-,,false,false,false,false,-,,SYS02 Cost Centre Attributes
SYS03 Account Attributes,,,,Accounts,Not Applicable,Not Applicable,Not Applicable,,2096,,,,,Show All Users: On,,,,,,New Line Items: Off,,,,,
Account Type,"{""hierarchyEntityLongId"":101000000410,""selectiveAccessApplied"":false,""showAll"":true,""dataType"":""ENTITY""}",,"{""summaryMethod"":""NONE"",""timeSummaryMethod"":""NONE"",""timeSummarySameAsMainSummary"":true}",Accounts,Not Applicable,Not Applicable,Not Applicable,,262,,,-,-,,,false,-,,false,false,false,false,-,"COGS?, Opex?, Revenue?, Staff?",SYS03 Account Attributes
P&L Line,"{""hierarchyEntityLongId"":101000000788,""selectiveAccessApplied"":false,""showAll"":true,""dataType"":""ENTITY""}",,"{""summaryMethod"":""NONE"",""timeSummaryMethod"":""NONE"",""timeSummarySameAsMainSummary"":true}",Accounts,Not Applicable,Not Applicable,Not Applicable,,262,,,-,-,,,false,-,,false,false,false,false,-,,SYS03 Account Attributes
Account Code,"{""textType"":""GENERAL"",""dataType"":""TEXT""}",CODE(ITEM(Accounts)),"{""summaryMethod"":""NONE"",""timeSummaryMethod"":""NONE"",""timeSummarySameAsMainSummary"":true}",Accounts,Not Applicable,Not Applicable,Not Applicable,,262,00.00%,,-,-,,,false,-,,false,false,false,false,-,,SYS03 Account Attributes
Revenue?,"{""dataType"":""BOOLEAN""}",Account Type = Account Types.Revenue,"{""summaryMethod"":""NONE"",""timeSummaryMethod"":""NONE"",""timeSummarySameAsMainSummary"":true}",Accounts,Not Applicable,Not Applicable,Not Applicable,,262,00.00%,,-,-,,,false,-,,false,false,false,false,-,Sign,SYS03 Account Attributes
Opex?,"{""dataType"":""BOOLEAN""}",Account Type = Account Types.Opex,"{""summaryMethod"":""NONE"",""timeSummaryMethod"":""NONE"",""timeSummarySameAsMainSummary"":true}",Accounts,Not Applicable,Not Applicable,Not Applicable,,262,00.00%,,-,-,,,false,-,,false,false,false,false,-,'CAL03 Opex'.Actual Opex,SYS03 Account Attributes
COGS?,"{""dataType"":""BOOLEAN""}",Account Type = Account Types.COGS,"{""summaryMethod"":""NONE"",""timeSummaryMethod"":""NONE"",""timeSummarySameAsMainSummary"":true}",Accounts,Not Applicable,Not Applicable,Not Applicable,,262,00.00%,,-,-,,,false,-,,false,false,false,false,-,,SYS03 Account Attributes
Staff?,"{""dataType"":""BOOLEAN""}",Account Type = Account Types.Staff,"{""summaryMethod"":""NONE"",""timeSummaryMethod"":""NONE"",""timeSummarySameAsMainSummary"":true}",Accounts,Not Applicable,Not Applicable,Not Applicable,,262,00.00%,,-,-,,,false,-,,false,false,false,false,-,,SYS03 Account Attributes
Sign,"{""minimumSignificantDigits"":4,""decimalPlaces"":-1,""decimalSeparator"":""FULL_STOP"",""groupingSeparator"":""COMMA"",""negativeNumberNotation"":""MINUS_SIGN"",""unitsType"":""NONE"",""unitsDisplayType"":""NONE"",""zeroFormat"":""ZERO"",""comparisonIncrease"":""GOOD"",""dataType"":""NUMBER""}",IF Revenue? THEN -1 ELSE 1,"{""summaryMethod"":""SUM"",""timeSummaryMethod"":""SUM"",""timeSummarySameAsMainSummary"":true}",Accounts,Not Applicable,Not Applicable,Not Applicable,,262,00.00%,,-,-,,,false,-,,false,false,false,false,-,,SYS03 Account Attributes
SYS04 Product Attributes,,,,Products,Not Applicable,Not Applicable,Not Applicable,,252,,,,,Show All Users: On,,,,,,New Line Items: Off,,,,,
Segment,"{""hierarchyEntityLongId"":101000000730,""selectiveAccessApplied"":false,""showAll"":true,""dataType"":""ENTITY""}",,"{""summaryMethod"":""NONE"",""timeSummaryMethod"":""NONE"",""timeSummarySameAsMainSummary"":true}",Products,Not Applicable,Not Applicable,Not Applicable,,42,,,-,-,,,false,-,,false,false,false,false,-,,SYS04 Product Attributes
Launch Date,"{""dataType"":""DATE""}",,"{""summaryMethod"":""NONE"",""timeSummaryMethod"":""NONE"",""timeSummarySameAsMainSummary"":true}",Products,Not Applicable,Not Applicable,Not Applicable,,42,,,-,-,,,false,-,,false,false,false,false,-,"'SYS07 Launch Flags'.Launched?, 'SYS07 Launch Flags'.Months Since Launch",SYS04 Product Attributes
Active?,"{""dataType"":""BOOLEAN""}",,"{""summaryMethod"":""NONE"",""timeSummaryMethod"":""NONE"",""timeSummarySameAsMainSummary"":true}",Products,Not Applicable,Not Applicable,Not Applicable,,42,,,-,-,,,false,-,,false,false,false,false,-,,SYS04 Product Attributes
Product Code,"{""textType"":""GENERAL"",""dataType"":""TEXT""}",CODE(ITEM(Products)),"{""summaryMethod"":""NONE"",""timeSummaryMethod"":""NONE"",""timeSummarySameAsMainSummary"":true}",Products,Not Applicable,Not Applicable,Not Applicable,,42,00.00%,,-,-,,,false,-,,false,false,false,false,-,,SYS04 Product Attributes
Revenue Cost Centre,"{""hierarchyEntityLongId"":101000000336,""selectiveAccessApplied"":false,""showAll"":true,""dataType"":""ENTITY""}",,"{""summaryMethod"":""NONE"",""timeSummaryMethod"":""NONE"",""timeSummarySameAsMainSummary"":true}",Products,Not Applicable,Not Applicable,Not Applicable,,42,,,-,-,,,false,-,,false,false,false,false,-,"'CAL07 P&L by Cost Centre'.COGS, 'CAL07 P&L by Cost Centre'.Revenue",SYS04 Product Attributes
Product Family,"{""textType"":""GENERAL"",""dataType"":""TEXT""}",,"{""summaryMethod"":""NONE"",""timeSummaryMethod"":""NONE"",""timeSummarySameAsMainSummary"":true}",Products,Not Applicable,Not Applicable,Not Applicable,,42,,,-,-,,,false,-,,false,false,false,false,-,,SYS04 Product Attributes
SYS05 FX Rates,,,,Currencies,Month,Model Calendar,All,,4608,,,,,Show All Users: On,,,,,,New Line Items: Off,,,,,
Rate to GBP,"{""minimumSignificantDigits"":4,""decimalPlaces"":-1,""decimalSeparator"":""FULL_STOP"",""groupingSeparator"":""COMMA"",""negativeNumberNotation"":""MINUS_SIGN"",""unitsType"":""NONE"",""unitsDisplayType"":""NONE"",""zeroFormat"":""ZERO"",""comparisonIncrease"":""GOOD"",""dataType"":""NUMBER""}",,"{""summaryMethod"":""NONE"",""timeSummaryMethod"":""NONE"",""timeSummarySameAsMainSummary"":true}",Currencies,Month,Model Calendar,All,,1152,,,-,-,,,false,All Versions,,false,false,false,false,-,"'CAL02 Revenue'.Revenue GBP, 'CAL03 Opex'.Opex GBP, 'CAL04 Margn'.Margin GBP, 'CAL05 Opex OLD'.Opex GBP, Rate Movement, Rate to GBP Prior",SYS05 FX Rates
Rate Locked?,"{""dataType"":""BOOLEAN""}",,"{""summaryMethod"":""NONE"",""timeSummaryMethod"":""NONE"",""timeSummarySameAsMainSummary"":true}",Currencies,Month,Model Calendar,All,,1152,,,-,-,,,false,All Versions,,false,false,false,false,-,,SYS05 FX Rates
Rate to GBP Prior,"{""minimumSignificantDigits"":4,""decimalPlaces"":-1,""decimalSeparator"":""FULL_STOP"",""groupingSeparator"":""COMMA"",""negativeNumberNotation"":""MINUS_SIGN"",""unitsType"":""NONE"",""unitsDisplayType"":""NONE"",""zeroFormat"":""ZERO"",""comparisonIncrease"":""GOOD"",""dataType"":""NUMBER""}",PREVIOUS(Rate to GBP),"{""summaryMethod"":""NONE"",""timeSummaryMethod"":""NONE"",""timeSummarySameAsMainSummary"":true}",Currencies,Month,Model Calendar,All,,1152,00.00%,,-,-,,,false,All Versions,,true,false,false,false,-,Rate Movement,SYS05 FX Rates
Rate Movement,"{""minimumSignificantDigits"":4,""decimalPlaces"":1,""decimalSeparator"":""FULL_STOP"",""groupingSeparator"":""COMMA"",""negativeNumberNotation"":""MINUS_SIGN"",""unitsType"":""PERCENTAGE"",""unitsDisplayType"":""PERCENTAGE"",""zeroFormat"":""ZERO"",""comparisonIncrease"":""GOOD"",""dataType"":""NUMBER""}","DIVIDE(Rate to GBP - Rate to GBP Prior, Rate to GBP Prior)","{""summaryMethod"":""NONE"",""timeSummaryMethod"":""NONE"",""timeSummarySameAsMainSummary"":true}",Currencies,Month,Model Calendar,All,,1152,00.00%,,-,-,,,false,All Versions,,true,false,false,false,-,,SYS05 FX Rates
SYS06 Region Attributes,,,,Regions,Not Applicable,Not Applicable,Not Applicable,,24,,,,,Show All Users: On,,,,,,New Line Items: Off,,,,,
Currency,"{""hierarchyEntityLongId"":101000000451,""selectiveAccessApplied"":false,""showAll"":true,""dataType"":""ENTITY""}",,"{""summaryMethod"":""NONE"",""timeSummaryMethod"":""NONE"",""timeSummarySameAsMainSummary"":true}",Regions,Not Applicable,Not Applicable,Not Applicable,,6,,,-,-,,,false,-,,false,false,false,false,-,"'CAL02 Revenue'.Revenue GBP, 'CAL04 Margn'.Margin GBP",SYS06 Region Attributes
Region Code,"{""textType"":""GENERAL"",""dataType"":""TEXT""}",CODE(ITEM(Regions)),"{""summaryMethod"":""NONE"",""timeSummaryMethod"":""NONE"",""timeSummarySameAsMainSummary"":true}",Regions,Not Applicable,Not Applicable,Not Applicable,,6,00.00%,,-,-,,,false,-,,false,false,false,false,-,,SYS06 Region Attributes
Region Manager,"{""textType"":""GENERAL"",""dataType"":""TEXT""}",,"{""summaryMethod"":""NONE"",""timeSummaryMethod"":""NONE"",""timeSummarySameAsMainSummary"":true}",Regions,Not Applicable,Not Applicable,Not Applicable,,6,,,-,-,,,false,-,,false,false,false,false,-,,SYS06 Region Attributes
Reportable?,"{""dataType"":""BOOLEAN""}",,"{""summaryMethod"":""NONE"",""timeSummaryMethod"":""NONE"",""timeSummarySameAsMainSummary"":true}",Regions,Not Applicable,Not Applicable,Not Applicable,,6,,,-,-,,,false,-,,false,false,false,false,-,,SYS06 Region Attributes
SYS07 Launch Flags,,,,Products,Month,Model Calendar,Not Applicable,,3024,,,,,Show All Users: On,,,,,,New Line Items: Off,,,,,
Launched?,"{""dataType"":""BOOLEAN""}",START() >= 'SYS04 Product Attributes'.Launch Date,"{""summaryMethod"":""NONE"",""timeSummaryMethod"":""NONE"",""timeSummarySameAsMainSummary"":true}",Products,Month,Model Calendar,Not Applicable,,1512,00.00%,,-,-,,,false,-,,false,false,false,false,-,"'CAL01 Volumes'.Launched?, Months Since Launch",SYS07 Launch Flags
Months Since Launch,"{""minimumSignificantDigits"":4,""decimalPlaces"":-1,""decimalSeparator"":""FULL_STOP"",""groupingSeparator"":""COMMA"",""negativeNumberNotation"":""MINUS_SIGN"",""unitsType"":""NONE"",""unitsDisplayType"":""NONE"",""zeroFormat"":""ZERO"",""comparisonIncrease"":""GOOD"",""dataType"":""NUMBER""}",IF Launched? THEN YEAR(START()) * 12 + MONTH(START()) - YEAR('SYS04 Product Attributes'.Launch Date) * 12 - MONTH('SYS04 Product Attributes'.Launch Date) ELSE 0,"{""summaryMethod"":""NONE"",""timeSummaryMethod"":""NONE"",""timeSummarySameAsMainSummary"":true}",Products,Month,Model Calendar,Not Applicable,,1512,00.00%,,-,-,,,false,-,,false,false,false,false,-,,SYS07 Launch Flags
INP01 Volumes,,,,"Products, Regions",Month,Model Calendar,All,,254016,,,,,Show All Users: On,,,,,,New Line Items: Off,,,,,
Units,"{""minimumSignificantDigits"":4,""decimalPlaces"":-1,""decimalSeparator"":""FULL_STOP"",""groupingSeparator"":""COMMA"",""negativeNumberNotation"":""MINUS_SIGN"",""unitsType"":""NONE"",""unitsDisplayType"":""NONE"",""zeroFormat"":""ZERO"",""comparisonIncrease"":""GOOD"",""dataType"":""NUMBER""}",,"{""summaryMethod"":""SUM"",""timeSummaryMethod"":""SUM"",""timeSummarySameAsMainSummary"":true}","Products, Regions",Month,Model Calendar,All,,36288,,,-,-,,,false,All Versions,,false,false,false,false,-,'CAL01 Volumes'.Units,INP01 Volumes
Price,"{""minimumSignificantDigits"":4,""decimalPlaces"":-1,""decimalSeparator"":""FULL_STOP"",""groupingSeparator"":""COMMA"",""negativeNumberNotation"":""MINUS_SIGN"",""unitsType"":""NONE"",""unitsDisplayType"":""NONE"",""zeroFormat"":""ZERO"",""comparisonIncrease"":""GOOD"",""dataType"":""NUMBER""}",,"{""summaryMethod"":""NONE"",""timeSummaryMethod"":""NONE"",""timeSummarySameAsMainSummary"":true}","Products, Regions",Month,Model Calendar,All,,36288,,,-,-,,,false,All Versions,,false,false,false,false,-,'CAL02 Revenue'.Gross Revenue,INP01 Volumes
Discount %,"{""minimumSignificantDigits"":4,""decimalPlaces"":1,""decimalSeparator"":""FULL_STOP"",""groupingSeparator"":""COMMA"",""negativeNumberNotation"":""MINUS_SIGN"",""unitsType"":""PERCENTAGE"",""unitsDisplayType"":""PERCENTAGE"",""zeroFormat"":""ZERO"",""comparisonIncrease"":""GOOD"",""dataType"":""NUMBER""}",,"{""summaryMethod"":""NONE"",""timeSummaryMethod"":""NONE"",""timeSummarySameAsMainSummary"":true}","Products, Regions",Month,Model Calendar,All,,36288,,,-,-,,,false,All Versions,,false,false,false,false,-,'CAL02 Revenue'.Discounts,INP01 Volumes
Returns %,"{""minimumSignificantDigits"":4,""decimalPlaces"":1,""decimalSeparator"":""FULL_STOP"",""groupingSeparator"":""COMMA"",""negativeNumberNotation"":""MINUS_SIGN"",""unitsType"":""PERCENTAGE"",""unitsDisplayType"":""PERCENTAGE"",""zeroFormat"":""ZERO"",""comparisonIncrease"":""GOOD"",""dataType"":""NUMBER""}",,"{""summaryMethod"":""NONE"",""timeSummaryMethod"":""NONE"",""timeSummarySameAsMainSummary"":true}","Products, Regions",Month,Model Calendar,All,,36288,,,-,-,,,false,All Versions,,false,false,false,false,-,'CAL01 Volumes'.Returns,INP01 Volumes
Volume Override,"{""minimumSignificantDigits"":4,""decimalPlaces"":-1,""decimalSeparator"":""FULL_STOP"",""groupingSeparator"":""COMMA"",""negativeNumberNotation"":""MINUS_SIGN"",""unitsType"":""NONE"",""unitsDisplayType"":""NONE"",""zeroFormat"":""ZERO"",""comparisonIncrease"":""GOOD"",""dataType"":""NUMBER""}",,"{""summaryMethod"":""SUM"",""timeSummaryMethod"":""SUM"",""timeSummarySameAsMainSummary"":true}","Products, Regions",Month,Model Calendar,All,,36288,,,-,-,,,false,All Versions,,false,false,false,false,-,'CAL01 Volumes'.Units,INP01 Volumes
Use Override?,"{""dataType"":""BOOLEAN""}",,"{""summaryMethod"":""NONE"",""timeSummaryMethod"":""NONE"",""timeSummarySameAsMainSummary"":true}","Products, Regions",Month,Model Calendar,All,,36288,,,-,-,,,false,All Versions,,false,false,false,false,-,'CAL01 Volumes'.Units,INP01 Volumes
Comment,"{""textType"":""GENERAL"",""dataType"":""TEXT""}",,"{""summaryMethod"":""NONE"",""timeSummaryMethod"":""NONE"",""timeSummarySameAsMainSummary"":true}","Products, Regions",Month,Model Calendar,All,,36288,,,-,-,,,false,All Versions,,false,false,false,false,-,,INP01 Volumes
INP02 Opex Drivers,,,,Cost Centres,Month,Model Calendar,All,,1110816,,,,,Show All Users: On,,,,,,New Line Items: Off,,,,,
Rent,"{""minimumSignificantDigits"":4,""decimalPlaces"":-1,""decimalSeparator"":""FULL_STOP"",""groupingSeparator"":""COMMA"",""negativeNumberNotation"":""MINUS_SIGN"",""unitsType"":""NONE"",""unitsDisplayType"":""NONE"",""zeroFormat"":""ZERO"",""comparisonIncrease"":""GOOD"",""dataType"":""NUMBER""}",,"{""summaryMethod"":""SUM"",""timeSummaryMethod"":""SUM"",""timeSummarySameAsMainSummary"":true}",Cost Centres,Month,Model Calendar,All,,19152,,,-,-,,,false,All Versions,,false,false,false,false,-,"'CAL03 Opex'.Forecast Opex, 'CAL05 Opex OLD'.Rent Forecast, 'CAL12 Driver Phasing'.Rent Phased, Property Costs, Total Drivers",INP02 Opex Drivers
Business Rates,"{""minimumSignificantDigits"":4,""decimalPlaces"":-1,""decimalSeparator"":""FULL_STOP"",""groupingSeparator"":""COMMA"",""negativeNumberNotation"":""MINUS_SIGN"",""unitsType"":""NONE"",""unitsDisplayType"":""NONE"",""zeroFormat"":""ZERO"",""comparisonIncrease"":""GOOD"",""dataType"":""NUMBER""}",,"{""summaryMethod"":""SUM"",""timeSummaryMethod"":""SUM"",""timeSummarySameAsMainSummary"":true}",Cost Centres,Month,Model Calendar,All,,19152,,,-,-,,,false,All Versions,,false,false,false,false,-,"'CAL03 Opex'.Forecast Opex, 'CAL05 Opex OLD'.Rates Forecast, 'CAL12 Driver Phasing'.Business Rates Phased, Property Costs, Total Drivers",INP02 Opex Drivers
Utilities,"{""minimumSignificantDigits"":4,""decimalPlaces"":-1,""decimalSeparator"":""FULL_STOP"",""groupingSeparator"":""COMMA"",""negativeNumberNotation"":""MINUS_SIGN"",""unitsType"":""NONE"",""unitsDisplayType"":""NONE"",""zeroFormat"":""ZERO"",""comparisonIncrease"":""GOOD"",""dataType"":""NUMBER""}",,"{""summaryMethod"":""SUM"",""timeSummaryMethod"":""SUM"",""timeSummarySameAsMainSummary"":true}",Cost Centres,Month,Model Calendar,All,,19152,,,-,-,,,false,All Versions,,false,false,false,false,-,"'CAL03 Opex'.Forecast Opex, 'CAL05 Opex OLD'.Utilities Forecast, 'CAL12 Driver Phasing'.Utilities Phased, Property Costs, Total Drivers",INP02 Opex Drivers
Cleaning,"{""minimumSignificantDigits"":4,""decimalPlaces"":-1,""decimalSeparator"":""FULL_STOP"",""groupingSeparator"":""COMMA"",""negativeNumberNotation"":""MINUS_SIGN"",""unitsType"":""NONE"",""unitsDisplayType"":""NONE"",""zeroFormat"":""ZERO"",""comparisonIncrease"":""GOOD"",""dataType"":""NUMBER""}",,"{""summaryMethod"":""SUM"",""timeSummaryMethod"":""SUM"",""timeSummarySameAsMainSummary"":true}",Cost Centres,Month,Model Calendar,All,,19152,,,-,-,,,false,All Versions,,false,false,false,false,-,"'CAL12 Driver Phasing'.Cleaning Phased, Property Costs, Total Drivers",INP02 Opex Drivers
Security,"{""minimumSignificantDigits"":4,""decimalPlaces"":-1,""decimalSeparator"":""FULL_STOP"",""groupingSeparator"":""COMMA"",""negativeNumberNotation"":""MINUS_SIGN"",""unitsType"":""NONE"",""unitsDisplayType"":""NONE"",""zeroFormat"":""ZERO"",""comparisonIncrease"":""GOOD"",""dataType"":""NUMBER""}",,"{""summaryMethod"":""SUM"",""timeSummaryMethod"":""SUM"",""timeSummarySameAsMainSummary"":true}",Cost Centres,Month,Model Calendar,All,,19152,,,-,-,,,false,All Versions,,false,false,false,false,-,"'CAL12 Driver Phasing'.Security Phased, Property Costs, Total Drivers",INP02 Opex Drivers
Insurance,"{""minimumSignificantDigits"":4,""decimalPlaces"":-1,""decimalSeparator"":""FULL_STOP"",""groupingSeparator"":""COMMA"",""negativeNumberNotation"":""MINUS_SIGN"",""unitsType"":""NONE"",""unitsDisplayType"":""NONE"",""zeroFormat"":""ZERO"",""comparisonIncrease"":""GOOD"",""dataType"":""NUMBER""}",,"{""summaryMethod"":""SUM"",""timeSummaryMethod"":""SUM"",""timeSummarySameAsMainSummary"":true}",Cost Centres,Month,Model Calendar,All,,19152,,,-,-,,,false,All Versions,,false,false,false,false,-,"'CAL12 Driver Phasing'.Insurance Phased, Property Costs, Total Drivers",INP02 Opex Drivers
Travel,"{""minimumSignificantDigits"":4,""decimalPlaces"":-1,""decimalSeparator"":""FULL_STOP"",""groupingSeparator"":""COMMA"",""negativeNumberNotation"":""MINUS_SIGN"",""unitsType"":""NONE"",""unitsDisplayType"":""NONE"",""zeroFormat"":""ZERO"",""comparisonIncrease"":""GOOD"",""dataType"":""NUMBER""}",,"{""summaryMethod"":""SUM"",""timeSummaryMethod"":""SUM"",""timeSummarySameAsMainSummary"":true}",Cost Centres,Month,Model Calendar,All,,19152,,,-,-,,,false,All Versions,,false,false,false,false,-,"'CAL03 Opex'.Forecast Opex, 'CAL05 Opex OLD'.Travel Forecast, 'CAL12 Driver Phasing'.Travel Phased, People Costs, Total Drivers",INP02 Opex Drivers
Subsistence,"{""minimumSignificantDigits"":4,""decimalPlaces"":-1,""decimalSeparator"":""FULL_STOP"",""groupingSeparator"":""COMMA"",""negativeNumberNotation"":""MINUS_SIGN"",""unitsType"":""NONE"",""unitsDisplayType"":""NONE"",""zeroFormat"":""ZERO"",""comparisonIncrease"":""GOOD"",""dataType"":""NUMBER""}",,"{""summaryMethod"":""SUM"",""timeSummaryMethod"":""SUM"",""timeSummarySameAsMainSummary"":true}",Cost Centres,Month,Model Calendar,All,,19152,,,-,-,,,false,All Versions,,false,false,false,false,-,"'CAL03 Opex'.Forecast Opex, 'CAL12 Driver Phasing'.Subsistence Phased, People Costs, Total Drivers",INP02 Opex Drivers
Mileage,"{""minimumSignificantDigits"":4,""decimalPlaces"":-1,""decimalSeparator"":""FULL_STOP"",""groupingSeparator"":""COMMA"",""negativeNumberNotation"":""MINUS_SIGN"",""unitsType"":""NONE"",""unitsDisplayType"":""NONE"",""zeroFormat"":""ZERO"",""comparisonIncrease"":""GOOD"",""dataType"":""NUMBER""}",,"{""summaryMethod"":""SUM"",""timeSummaryMethod"":""SUM"",""timeSummarySameAsMainSummary"":true}",Cost Centres,Month,Model Calendar,All,,19152,,,-,-,,,false,All Versions,,false,false,false,false,-,"'CAL12 Driver Phasing'.Mileage Phased, People Costs, Total Drivers",INP02 Opex Drivers
Hotels,"{""minimumSignificantDigits"":4,""decimalPlaces"":-1,""decimalSeparator"":""FULL_STOP"",""groupingSeparator"":""COMMA"",""negativeNumberNotation"":""MINUS_SIGN"",""unitsType"":""NONE"",""unitsDisplayType"":""NONE"",""zeroFormat"":""ZERO"",""comparisonIncrease"":""GOOD"",""dataType"":""NUMBER""}",,"{""summaryMethod"":""SUM"",""timeSummaryMethod"":""SUM"",""timeSummarySameAsMainSummary"":true}",Cost Centres,Month,Model Calendar,All,,19152,,,-,-,,,false,All Versions,,false,false,false,false,-,"'CAL12 Driver Phasing'.Hotels Phased, People Costs, Total Drivers",INP02 Opex Drivers
Marketing Events,"{""minimumSignificantDigits"":4,""decimalPlaces"":-1,""decimalSeparator"":""FULL_STOP"",""groupingSeparator"":""COMMA"",""negativeNumberNotation"":""MINUS_SIGN"",""unitsType"":""NONE"",""unitsDisplayType"":""NONE"",""zeroFormat"":""ZERO"",""comparisonIncrease"":""GOOD"",""dataType"":""NUMBER""}",,"{""summaryMethod"":""SUM"",""timeSummaryMethod"":""SUM"",""timeSummarySameAsMainSummary"":true}",Cost Centres,Month,Model Calendar,All,,19152,,,-,-,,,false,All Versions,,false,false,false,false,-,"'CAL03 Opex'.Forecast Opex, 'CAL05 Opex OLD'.Marketing Forecast, 'CAL12 Driver Phasing'.Marketing Events Phased, Marketing Costs, Total Drivers",INP02 Opex Drivers
Marketing Digital,"{""minimumSignificantDigits"":4,""decimalPlaces"":-1,""decimalSeparator"":""FULL_STOP"",""groupingSeparator"":""COMMA"",""negativeNumberNotation"":""MINUS_SIGN"",""unitsType"":""NONE"",""unitsDisplayType"":""NONE"",""zeroFormat"":""ZERO"",""comparisonIncrease"":""GOOD"",""dataType"":""NUMBER""}",,"{""summaryMethod"":""SUM"",""timeSummaryMethod"":""SUM"",""timeSummarySameAsMainSummary"":true}",Cost Centres,Month,Model Calendar,All,,19152,,,-,-,,,false,All Versions,,false,false,false,false,-,"'CAL03 Opex'.Forecast Opex, 'CAL12 Driver Phasing'.Marketing Digital Phased, Marketing Costs, Total Drivers",INP02 Opex Drivers
Marketing Print,"{""minimumSignificantDigits"":4,""decimalPlaces"":-1,""decimalSeparator"":""FULL_STOP"",""groupingSeparator"":""COMMA"",""negativeNumberNotation"":""MINUS_SIGN"",""unitsType"":""NONE"",""unitsDisplayType"":""NONE"",""zeroFormat"":""ZERO"",""comparisonIncrease"":""GOOD"",""dataType"":""NUMBER""}",,"{""summaryMethod"":""SUM"",""timeSummaryMethod"":""SUM"",""timeSummarySameAsMainSummary"":true}",Cost Centres,Month,Model Calendar,All,,19152,,,-,-,,,false,All Versions,,false,false,false,false,-,"'CAL12 Driver Phasing'.Marketing Print Phased, Marketing Costs, Total Drivers",INP02 Opex Drivers
Agency Fees,"{""minimumSignificantDigits"":4,""decimalPlaces"":-1,""decimalSeparator"":""FULL_STOP"",""groupingSeparator"":""COMMA"",""negativeNumberNotation"":""MINUS_SIGN"",""unitsType"":""NONE"",""unitsDisplayType"":""NONE"",""zeroFormat"":""ZERO"",""comparisonIncrease"":""GOOD"",""dataType"":""NUMBER""}",,"{""summaryMethod"":""SUM"",""timeSummaryMethod"":""SUM"",""timeSummarySameAsMainSummary"":true}",Cost Centres,Month,Model Calendar,All,,19152,,,-,-,,,false,All Versions,,false,false,false,false,-,"'CAL12 Driver Phasing'.Agency Fees Phased, Marketing Costs, Total Drivers",INP02 Opex Drivers
Software Licences,"{""minimumSignificantDigits"":4,""decimalPlaces"":-1,""decimalSeparator"":""FULL_STOP"",""groupingSeparator"":""COMMA"",""negativeNumberNotation"":""MINUS_SIGN"",""unitsType"":""NONE"",""unitsDisplayType"":""NONE"",""zeroFormat"":""ZERO"",""comparisonIncrease"":""GOOD"",""dataType"":""NUMBER""}",,"{""summaryMethod"":""SUM"",""timeSummaryMethod"":""SUM"",""timeSummarySameAsMainSummary"":true}",Cost Centres,Month,Model Calendar,All,,19152,,,-,-,,,false,All Versions,,false,false,false,false,-,"'CAL03 Opex'.Forecast Opex, 'CAL05 Opex OLD'.Software Forecast, 'CAL12 Driver Phasing'.Software Licences Phased, IT Costs, Total Drivers",INP02 Opex Drivers
Software Support,"{""minimumSignificantDigits"":4,""decimalPlaces"":-1,""decimalSeparator"":""FULL_STOP"",""groupingSeparator"":""COMMA"",""negativeNumberNotation"":""MINUS_SIGN"",""unitsType"":""NONE"",""unitsDisplayType"":""NONE"",""zeroFormat"":""ZERO"",""comparisonIncrease"":""GOOD"",""dataType"":""NUMBER""}",,"{""summaryMethod"":""SUM"",""timeSummaryMethod"":""SUM"",""timeSummarySameAsMainSummary"":true}",Cost Centres,Month,Model Calendar,All,,19152,,,-,-,,,false,All Versions,,false,false,false,false,-,"'CAL12 Driver Phasing'.Software Support Phased, IT Costs, Total Drivers",INP02 Opex Drivers
Hardware,"{""minimumSignificantDigits"":4,""decimalPlaces"":-1,""decimalSeparator"":""FULL_STOP"",""groupingSeparator"":""COMMA"",""negativeNumberNotation"":""MINUS_SIGN"",""unitsType"":""NONE"",""unitsDisplayType"":""NONE"",""zeroFormat"":""ZERO"",""comparisonIncrease"":""GOOD"",""dataType"":""NUMBER""}",,"{""summaryMethod"":""SUM"",""timeSummaryMethod"":""SUM"",""timeSummarySameAsMainSummary"":true}",Cost Centres,Month,Model Calendar,All,,19152,,,-,-,,,false,All Versions,,false,false,false,false,-,"'CAL03 Opex'.Forecast Opex, 'CAL12 Driver Phasing'.Hardware Phased, IT Costs, Total Drivers",INP02 Opex Drivers
Telecoms,"{""minimumSignificantDigits"":4,""decimalPlaces"":-1,""decimalSeparator"":""FULL_STOP"",""groupingSeparator"":""COMMA"",""negativeNumberNotation"":""MINUS_SIGN"",""unitsType"":""NONE"",""unitsDisplayType"":""NONE"",""zeroFormat"":""ZERO"",""comparisonIncrease"":""GOOD"",""dataType"":""NUMBER""}",,"{""summaryMethod"":""SUM"",""timeSummaryMethod"":""SUM"",""timeSummarySameAsMainSummary"":true}",Cost Centres,Month,Model Calendar,All,,19152,,,-,-,,,false,All Versions,,false,false,false,false,-,"'CAL12 Driver Phasing'.Telecoms Phased, IT Costs, Total Drivers",INP02 Opex Drivers
Mobile,"{""minimumSignificantDigits"":4,""decimalPlaces"":-1,""decimalSeparator"":""FULL_STOP"",""groupingSeparator"":""COMMA"",""negativeNumberNotation"":""MINUS_SIGN"",""unitsType"":""NONE"",""unitsDisplayType"":""NONE"",""zeroFormat"":""ZERO"",""comparisonIncrease"":""GOOD"",""dataType"":""NUMBER""}",,"{""summaryMethod"":""SUM"",""timeSummaryMethod"":""SUM"",""timeSummarySameAsMainSummary"":true}",Cost Centres,Month,Model Calendar,All,,19152,,,-,-,,,false,All Versions,,false,false,false,false,-,"'CAL12 Driver Phasing'.Mobile Phased, IT Costs, Total Drivers",INP02 Opex Drivers
Postage,"{""minimumSignificantDigits"":4,""decimalPlaces"":-1,""decimalSeparator"":""FULL_STOP"",""groupingSeparator"":""COMMA"",""negativeNumberNotation"":""MINUS_SIGN"",""unitsType"":""NONE"",""unitsDisplayType"":""NONE"",""zeroFormat"":""ZERO"",""comparisonIncrease"":""GOOD"",""dataType"":""NUMBER""}",,"{""summaryMethod"":""SUM"",""timeSummaryMethod"":""SUM"",""timeSummarySameAsMainSummary"":true}",Cost Centres,Month,Model Calendar,All,,19152,,,-,-,,,false,All Versions,,false,false,false,false,-,"'CAL12 Driver Phasing'.Postage Phased, Total Drivers",INP02 Opex Drivers
Stationery,"{""minimumSignificantDigits"":4,""decimalPlaces"":-1,""decimalSeparator"":""FULL_STOP"",""groupingSeparator"":""COMMA"",""negativeNumberNotation"":""MINUS_SIGN"",""unitsType"":""NONE"",""unitsDisplayType"":""NONE"",""zeroFormat"":""ZERO"",""comparisonIncrease"":""GOOD"",""dataType"":""NUMBER""}",,"{""summaryMethod"":""SUM"",""timeSummaryMethod"":""SUM"",""timeSummarySameAsMainSummary"":true}",Cost Centres,Month,Model Calendar,All,,19152,,,-,-,,,false,All Versions,,false,false,false,false,-,"'CAL12 Driver Phasing'.Stationery Phased, Total Drivers",INP02 Opex Drivers
Printing,"{""minimumSignificantDigits"":4,""decimalPlaces"":-1,""decimalSeparator"":""FULL_STOP"",""groupingSeparator"":""COMMA"",""negativeNumberNotation"":""MINUS_SIGN"",""unitsType"":""NONE"",""unitsDisplayType"":""NONE"",""zeroFormat"":""ZERO"",""comparisonIncrease"":""GOOD"",""dataType"":""NUMBER""}",,"{""summaryMethod"":""SUM"",""timeSummaryMethod"":""SUM"",""timeSummarySameAsMainSummary"":true}",Cost Centres,Month,Model Calendar,All,,19152,,,-,-,,,false,All Versions,,false,false,false,false,-,"'CAL12 Driver Phasing'.Printing Phased, Total Drivers",INP02 Opex Drivers
Legal Fees,"{""minimumSignificantDigits"":4,""decimalPlaces"":-1,""decimalSeparator"":""FULL_STOP"",""groupingSeparator"":""COMMA"",""negativeNumberNotation"":""MINUS_SIGN"",""unitsType"":""NONE"",""unitsDisplayType"":""NONE"",""zeroFormat"":""ZERO"",""comparisonIncrease"":""GOOD"",""dataType"":""NUMBER""}",,"{""summaryMethod"":""SUM"",""timeSummaryMethod"":""SUM"",""timeSummarySameAsMainSummary"":true}",Cost Centres,Month,Model Calendar,All,,19152,,,-,-,,,false,All Versions,,false,false,false,false,-,"'CAL12 Driver Phasing'.Legal Fees Phased, Total Drivers",INP02 Opex Drivers
Audit Fees,"{""minimumSignificantDigits"":4,""decimalPlaces"":-1,""decimalSeparator"":""FULL_STOP"",""groupingSeparator"":""COMMA"",""negativeNumberNotation"":""MINUS_SIGN"",""unitsType"":""NONE"",""unitsDisplayType"":""NONE"",""zeroFormat"":""ZERO"",""comparisonIncrease"":""GOOD"",""dataType"":""NUMBER""}",,"{""summaryMethod"":""SUM"",""timeSummaryMethod"":""SUM"",""timeSummarySameAsMainSummary"":true}",Cost Centres,Month,Model Calendar,All,,19152,,,-,-,,,false,All Versions,,false,false,false,false,-,"'CAL03 Opex'.Forecast Opex, 'CAL12 Driver Phasing'.Audit Fees Phased, Total Drivers",INP02 Opex Drivers
Consultancy,"{""minimumSignificantDigits"":4,""decimalPlaces"":-1,""decimalSeparator"":""FULL_STOP"",""groupingSeparator"":""COMMA"",""negativeNumberNotation"":""MINUS_SIGN"",""unitsType"":""NONE"",""unitsDisplayType"":""NONE"",""zeroFormat"":""ZERO"",""comparisonIncrease"":""GOOD"",""dataType"":""NUMBER""}",,"{""summaryMethod"":""SUM"",""timeSummaryMethod"":""SUM"",""timeSummarySameAsMainSummary"":true}",Cost Centres,Month,Model Calendar,All,,19152,,,-,-,,,false,All Versions,,false,false,false,false,-,"'CAL03 Opex'.Forecast Opex, 'CAL05 Opex OLD'.Fees Forecast, 'CAL12 Driver Phasing'.Consultancy Phased, Total Drivers",INP02 Opex Drivers
Contractors,"{""minimumSignificantDigits"":4,""decimalPlaces"":-1,""decimalSeparator"":""FULL_STOP"",""groupingSeparator"":""COMMA"",""negativeNumberNotation"":""MINUS_SIGN"",""unitsType"":""NONE"",""unitsDisplayType"":""NONE"",""zeroFormat"":""ZERO"",""comparisonIncrease"":""GOOD"",""dataType"":""NUMBER""}",,"{""summaryMethod"":""SUM"",""timeSummaryMethod"":""SUM"",""timeSummarySameAsMainSummary"":true}",Cost Centres,Month,Model Calendar,All,,19152,,,-,-,,,false,All Versions,,false,false,false,false,-,"'CAL12 Driver Phasing'.Contractors Phased, Total Drivers",INP02 Opex Drivers
Recruitment Fees,"{""minimumSignificantDigits"":4,""decimalPlaces"":-1,""decimalSeparator"":""FULL_STOP"",""groupingSeparator"":""COMMA"",""negativeNumberNotation"":""MINUS_SIGN"",""unitsType"":""NONE"",""unitsDisplayType"":""NONE"",""zeroFormat"":""ZERO"",""comparisonIncrease"":""GOOD"",""dataType"":""NUMBER""}",,"{""summaryMethod"":""SUM"",""timeSummaryMethod"":""SUM"",""timeSummarySameAsMainSummary"":true}",Cost Centres,Month,Model Calendar,All,,19152,,,-,-,,,false,All Versions,,false,false,false,false,-,"'CAL03 Opex'.Forecast Opex, 'CAL12 Driver Phasing'.Recruitment Fees Phased, People Costs, Total Drivers",INP02 Opex Drivers
Training,"{""minimumSignificantDigits"":4,""decimalPlaces"":-1,""decimalSeparator"":""FULL_STOP"",""groupingSeparator"":""COMMA"",""negativeNumberNotation"":""MINUS_SIGN"",""unitsType"":""NONE"",""unitsDisplayType"":""NONE"",""zeroFormat"":""ZERO"",""comparisonIncrease"":""GOOD"",""dataType"":""NUMBER""}",,"{""summaryMethod"":""SUM"",""timeSummaryMethod"":""SUM"",""timeSummarySameAsMainSummary"":true}",Cost Centres,Month,Model Calendar,All,,19152,,,-,-,,,false,All Versions,,false,false,false,false,-,"'CAL12 Driver Phasing'.Training Phased, People Costs, Total Drivers",INP02 Opex Drivers
Subscriptions,"{""minimumSignificantDigits"":4,""decimalPlaces"":-1,""decimalSeparator"":""FULL_STOP"",""groupingSeparator"":""COMMA"",""negativeNumberNotation"":""MINUS_SIGN"",""unitsType"":""NONE"",""unitsDisplayType"":""NONE"",""zeroFormat"":""ZERO"",""comparisonIncrease"":""GOOD"",""dataType"":""NUMBER""}",,"{""summaryMethod"":""SUM"",""timeSummaryMethod"":""SUM"",""timeSummarySameAsMainSummary"":true}",Cost Centres,Month,Model Calendar,All,,19152,,,-,-,,,false,All Versions,,false,false,false,false,-,"'CAL12 Driver Phasing'.Subscriptions Phased, Total Drivers",INP02 Opex Drivers
Memberships,"{""minimumSignificantDigits"":4,""decimalPlaces"":-1,""decimalSeparator"":""FULL_STOP"",""groupingSeparator"":""COMMA"",""negativeNumberNotation"":""MINUS_SIGN"",""unitsType"":""NONE"",""unitsDisplayType"":""NONE"",""zeroFormat"":""ZERO"",""comparisonIncrease"":""GOOD"",""dataType"":""NUMBER""}",,"{""summaryMethod"":""SUM"",""timeSummaryMethod"":""SUM"",""timeSummarySameAsMainSummary"":true}",Cost Centres,Month,Model Calendar,All,,19152,,,-,-,,,false,All Versions,,false,false,false,false,-,"'CAL12 Driver Phasing'.Memberships Phased, Total Drivers",INP02 Opex Drivers
Bank Charges,"{""minimumSignificantDigits"":4,""decimalPlaces"":-1,""decimalSeparator"":""FULL_STOP"",""groupingSeparator"":""COMMA"",""negativeNumberNotation"":""MINUS_SIGN"",""unitsType"":""NONE"",""unitsDisplayType"":""NONE"",""zeroFormat"":""ZERO"",""comparisonIncrease"":""GOOD"",""dataType"":""NUMBER""}",,"{""summaryMethod"":""SUM"",""timeSummaryMethod"":""SUM"",""timeSummarySameAsMainSummary"":true}",Cost Centres,Month,Model Calendar,All,,19152,,,-,-,,,false,All Versions,,false,false,false,false,-,Total Drivers,INP02 Opex Drivers
Vehicle Lease,"{""minimumSignificantDigits"":4,""decimalPlaces"":-1,""decimalSeparator"":""FULL_STOP"",""groupingSeparator"":""COMMA"",""negativeNumberNotation"":""MINUS_SIGN"",""unitsType"":""NONE"",""unitsDisplayType"":""NONE"",""zeroFormat"":""ZERO"",""comparisonIncrease"":""GOOD"",""dataType"":""NUMBER""}",,"{""summaryMethod"":""SUM"",""timeSummaryMethod"":""SUM"",""timeSummarySameAsMainSummary"":true}",Cost Centres,Month,Model Calendar,All,,19152,,,-,-,,,false,All Versions,,false,false,false,false,-,Total Drivers,INP02 Opex Drivers
Fuel,"{""minimumSignificantDigits"":4,""decimalPlaces"":-1,""decimalSeparator"":""FULL_STOP"",""groupingSeparator"":""COMMA"",""negativeNumberNotation"":""MINUS_SIGN"",""unitsType"":""NONE"",""unitsDisplayType"":""NONE"",""zeroFormat"":""ZERO"",""comparisonIncrease"":""GOOD"",""dataType"":""NUMBER""}",,"{""summaryMethod"":""SUM"",""timeSummaryMethod"":""SUM"",""timeSummarySameAsMainSummary"":true}",Cost Centres,Month,Model Calendar,All,,19152,,,-,-,,,false,All Versions,,false,false,false,false,-,Total Drivers,INP02 Opex Drivers
Repairs,"{""minimumSignificantDigits"":4,""decimalPlaces"":-1,""decimalSeparator"":""FULL_STOP"",""groupingSeparator"":""COMMA"",""negativeNumberNotation"":""MINUS_SIGN"",""unitsType"":""NONE"",""unitsDisplayType"":""NONE"",""zeroFormat"":""ZERO"",""comparisonIncrease"":""GOOD"",""dataType"":""NUMBER""}",,"{""summaryMethod"":""SUM"",""timeSummaryMethod"":""SUM"",""timeSummarySameAsMainSummary"":true}",Cost Centres,Month,Model Calendar,All,,19152,,,-,-,,,false,All Versions,,false,false,false,false,-,Total Drivers,INP02 Opex Drivers
Maintenance Contracts,"{""minimumSignificantDigits"":4,""decimalPlaces"":-1,""decimalSeparator"":""FULL_STOP"",""groupingSeparator"":""COMMA"",""negativeNumberNotation"":""MINUS_SIGN"",""unitsType"":""NONE"",""unitsDisplayType"":""NONE"",""zeroFormat"":""ZERO"",""comparisonIncrease"":""GOOD"",""dataType"":""NUMBER""}",,"{""summaryMethod"":""SUM"",""timeSummaryMethod"":""SUM"",""timeSummarySameAsMainSummary"":true}",Cost Centres,Month,Model Calendar,All,,19152,,,-,-,,,false,All Versions,,false,false,false,false,-,Total Drivers,INP02 Opex Drivers
Waste,"{""minimumSignificantDigits"":4,""decimalPlaces"":-1,""decimalSeparator"":""FULL_STOP"",""groupingSeparator"":""COMMA"",""negativeNumberNotation"":""MINUS_SIGN"",""unitsType"":""NONE"",""unitsDisplayType"":""NONE"",""zeroFormat"":""ZERO"",""comparisonIncrease"":""GOOD"",""dataType"":""NUMBER""}",,"{""summaryMethod"":""SUM"",""timeSummaryMethod"":""SUM"",""timeSummarySameAsMainSummary"":true}",Cost Centres,Month,Model Calendar,All,,19152,,,-,-,,,false,All Versions,,false,false,false,false,-,Total Drivers,INP02 Opex Drivers
Uniforms,"{""minimumSignificantDigits"":4,""decimalPlaces"":-1,""decimalSeparator"":""FULL_STOP"",""groupingSeparator"":""COMMA"",""negativeNumberNotation"":""MINUS_SIGN"",""unitsType"":""NONE"",""unitsDisplayType"":""NONE"",""zeroFormat"":""ZERO"",""comparisonIncrease"":""GOOD"",""dataType"":""NUMBER""}",,"{""summaryMethod"":""SUM"",""timeSummaryMethod"":""SUM"",""timeSummarySameAsMainSummary"":true}",Cost Centres,Month,Model Calendar,All,,19152,,,-,-,,,false,All Versions,,false,false,false,false,-,Total Drivers,INP02 Opex Drivers
Safety Equipment,"{""minimumSignificantDigits"":4,""decimalPlaces"":-1,""decimalSeparator"":""FULL_STOP"",""groupingSeparator"":""COMMA"",""negativeNumberNotation"":""MINUS_SIGN"",""unitsType"":""NONE"",""unitsDisplayType"":""NONE"",""zeroFormat"":""ZERO"",""comparisonIncrease"":""GOOD"",""dataType"":""NUMBER""}",,"{""summaryMethod"":""SUM"",""timeSummaryMethod"":""SUM"",""timeSummarySameAsMainSummary"":true}",Cost Centres,Month,Model Calendar,All,,19152,,,-,-,,,false,All Versions,,false,false,false,false,-,Total Drivers,INP02 Opex Drivers
Entertaining,"{""minimumSignificantDigits"":4,""decimalPlaces"":-1,""decimalSeparator"":""FULL_STOP"",""groupingSeparator"":""COMMA"",""negativeNumberNotation"":""MINUS_SIGN"",""unitsType"":""NONE"",""unitsDisplayType"":""NONE"",""zeroFormat"":""ZERO"",""comparisonIncrease"":""GOOD"",""dataType"":""NUMBER""}",,"{""summaryMethod"":""SUM"",""timeSummaryMethod"":""SUM"",""timeSummarySameAsMainSummary"":true}",Cost Centres,Month,Model Calendar,All,,19152,,,-,-,,,false,All Versions,,false,false,false,false,-,Total Drivers,INP02 Opex Drivers
Gifts,"{""minimumSignificantDigits"":4,""decimalPlaces"":-1,""decimalSeparator"":""FULL_STOP"",""groupingSeparator"":""COMMA"",""negativeNumberNotation"":""MINUS_SIGN"",""unitsType"":""NONE"",""unitsDisplayType"":""NONE"",""zeroFormat"":""ZERO"",""comparisonIncrease"":""GOOD"",""dataType"":""NUMBER""}",,"{""summaryMethod"":""SUM"",""timeSummaryMethod"":""SUM"",""timeSummarySameAsMainSummary"":true}",Cost Centres,Month,Model Calendar,All,,19152,,,-,-,,,false,All Versions,,false,false,false,false,-,Total Drivers,INP02 Opex Drivers
Donations,"{""minimumSignificantDigits"":4,""decimalPlaces"":-1,""decimalSeparator"":""FULL_STOP"",""groupingSeparator"":""COMMA"",""negativeNumberNotation"":""MINUS_SIGN"",""unitsType"":""NONE"",""unitsDisplayType"":""NONE"",""zeroFormat"":""ZERO"",""comparisonIncrease"":""GOOD"",""dataType"":""NUMBER""}",,"{""summaryMethod"":""SUM"",""timeSummaryMethod"":""SUM"",""timeSummarySameAsMainSummary"":true}",Cost Centres,Month,Model Calendar,All,,19152,,,-,-,,,false,All Versions,,false,false,false,false,-,Total Drivers,INP02 Opex Drivers
Sponsorship,"{""minimumSignificantDigits"":4,""decimalPlaces"":-1,""decimalSeparator"":""FULL_STOP"",""groupingSeparator"":""COMMA"",""negativeNumberNotation"":""MINUS_SIGN"",""unitsType"":""NONE"",""unitsDisplayType"":""NONE"",""zeroFormat"":""ZERO"",""comparisonIncrease"":""GOOD"",""dataType"":""NUMBER""}",,"{""summaryMethod"":""SUM"",""timeSummaryMethod"":""SUM"",""timeSummarySameAsMainSummary"":true}",Cost Centres,Month,Model Calendar,All,,19152,,,-,-,,,false,All Versions,,false,false,false,false,-,"Marketing Costs, Total Drivers",INP02 Opex Drivers
Research,"{""minimumSignificantDigits"":4,""decimalPlaces"":-1,""decimalSeparator"":""FULL_STOP"",""groupingSeparator"":""COMMA"",""negativeNumberNotation"":""MINUS_SIGN"",""unitsType"":""NONE"",""unitsDisplayType"":""NONE"",""zeroFormat"":""ZERO"",""comparisonIncrease"":""GOOD"",""dataType"":""NUMBER""}",,"{""summaryMethod"":""SUM"",""timeSummaryMethod"":""SUM"",""timeSummarySameAsMainSummary"":true}",Cost Centres,Month,Model Calendar,All,,19152,,,-,-,,,false,All Versions,,false,false,false,false,-,Total Drivers,INP02 Opex Drivers
Samples,"{""minimumSignificantDigits"":4,""decimalPlaces"":-1,""decimalSeparator"":""FULL_STOP"",""groupingSeparator"":""COMMA"",""negativeNumberNotation"":""MINUS_SIGN"",""unitsType"":""NONE"",""unitsDisplayType"":""NONE"",""zeroFormat"":""ZERO"",""comparisonIncrease"":""GOOD"",""dataType"":""NUMBER""}",,"{""summaryMethod"":""SUM"",""timeSummaryMethod"":""SUM"",""timeSummarySameAsMainSummary"":true}",Cost Centres,Month,Model Calendar,All,,19152,,,-,-,,,false,All Versions,,false,false,false,false,-,Total Drivers,INP02 Opex Drivers
Freight Out,"{""minimumSignificantDigits"":4,""decimalPlaces"":-1,""decimalSeparator"":""FULL_STOP"",""groupingSeparator"":""COMMA"",""negativeNumberNotation"":""MINUS_SIGN"",""unitsType"":""NONE"",""unitsDisplayType"":""NONE"",""zeroFormat"":""ZERO"",""comparisonIncrease"":""GOOD"",""dataType"":""NUMBER""}",,"{""summaryMethod"":""SUM"",""timeSummaryMethod"":""SUM"",""timeSummarySameAsMainSummary"":true}",Cost Centres,Month,Model Calendar,All,,19152,,,-,-,,,false,All Versions,,false,false,false,false,-,Total Drivers,INP02 Opex Drivers
Packaging,"{""minimumSignificantDigits"":4,""decimalPlaces"":-1,""decimalSeparator"":""FULL_STOP"",""groupingSeparator"":""COMMA"",""negativeNumberNotation"":""MINUS_SIGN"",""unitsType"":""NONE"",""unitsDisplayType"":""NONE"",""zeroFormat"":""ZERO"",""comparisonIncrease"":""GOOD"",""dataType"":""NUMBER""}",,"{""summaryMethod"":""SUM"",""timeSummaryMethod"":""SUM"",""timeSummarySameAsMainSummary"":true}",Cost Centres,Month,Model Calendar,All,,19152,,,-,-,,,false,All Versions,,false,false,false,false,-,Total Drivers,INP02 Opex Drivers
Warehouse Rent,"{""minimumSignificantDigits"":4,""decimalPlaces"":-1,""decimalSeparator"":""FULL_STOP"",""groupingSeparator"":""COMMA"",""negativeNumberNotation"":""MINUS_SIGN"",""unitsType"":""NONE"",""unitsDisplayType"":""NONE"",""zeroFormat"":""ZERO"",""comparisonIncrease"":""GOOD"",""dataType"":""NUMBER""}",,"{""summaryMethod"":""SUM"",""timeSummaryMethod"":""SUM"",""timeSummarySameAsMainSummary"":true}",Cost Centres,Month,Model Calendar,All,,19152,,,-,-,,,false,All Versions,,false,false,false,false,-,Total Drivers,INP02 Opex Drivers
Temp Labour,"{""minimumSignificantDigits"":4,""decimalPlaces"":-1,""decimalSeparator"":""FULL_STOP"",""groupingSeparator"":""COMMA"",""negativeNumberNotation"":""MINUS_SIGN"",""unitsType"":""NONE"",""unitsDisplayType"":""NONE"",""zeroFormat"":""ZERO"",""comparisonIncrease"":""GOOD"",""dataType"":""NUMBER""}",,"{""summaryMethod"":""SUM"",""timeSummaryMethod"":""SUM"",""timeSummarySameAsMainSummary"":true}",Cost Centres,Month,Model Calendar,All,,19152,,,-,-,,,false,All Versions,,false,false,false,false,-,Total Drivers,INP02 Opex Drivers
Overtime Premium,"{""minimumSignificantDigits"":4,""decimalPlaces"":-1,""decimalSeparator"":""FULL_STOP"",""groupingSeparator"":""COMMA"",""negativeNumberNotation"":""MINUS_SIGN"",""unitsType"":""NONE"",""unitsDisplayType"":""NONE"",""zeroFormat"":""ZERO"",""comparisonIncrease"":""GOOD"",""dataType"":""NUMBER""}",,"{""summaryMethod"":""SUM"",""timeSummaryMethod"":""SUM"",""timeSummarySameAsMainSummary"":true}",Cost Centres,Month,Model Calendar,All,,19152,,,-,-,,,false,All Versions,,false,false,false,false,-,Total Drivers,INP02 Opex Drivers
Other Opex,"{""minimumSignificantDigits"":4,""decimalPlaces"":-1,""decimalSeparator"":""FULL_STOP"",""groupingSeparator"":""COMMA"",""negativeNumberNotation"":""MINUS_SIGN"",""unitsType"":""NONE"",""unitsDisplayType"":""NONE"",""zeroFormat"":""ZERO"",""comparisonIncrease"":""GOOD"",""dataType"":""NUMBER""}",,"{""summaryMethod"":""SUM"",""timeSummaryMethod"":""SUM"",""timeSummarySameAsMainSummary"":true}",Cost Centres,Month,Model Calendar,All,,19152,,,-,-,,,false,All Versions,,false,false,false,false,-,"'CAL05 Opex OLD'.Other Forecast, Total Drivers",INP02 Opex Drivers
Total Drivers,"{""minimumSignificantDigits"":4,""decimalPlaces"":-1,""decimalSeparator"":""FULL_STOP"",""groupingSeparator"":""COMMA"",""negativeNumberNotation"":""MINUS_SIGN"",""unitsType"":""NONE"",""unitsDisplayType"":""NONE"",""zeroFormat"":""ZERO"",""comparisonIncrease"":""GOOD"",""dataType"":""NUMBER""}",Rent + Business Rates + Utilities + Cleaning + Security + Insurance + Travel + Subsistence + Mileage + Hotels + Marketing Events + Marketing Digital + Marketing Print + Agency Fees + Software Licences + Software Support + Hardware + Telecoms + Mobile + Postage + Stationery + Printing + Legal Fees + Audit Fees + Consultancy + Contractors + Recruitment Fees + Training + Subscriptions + Memberships + Bank Charges + Vehicle Lease + Fuel + Repairs + Maintenance Contracts + Waste + Uniforms + Safety Equipment + Entertaining + Gifts + Donations + Sponsorship + Research + Samples + Freight Out + Packaging + Warehouse Rent + Temp Labour + Overtime Premium + Other Opex,"{""summaryMethod"":""SUM"",""timeSummaryMethod"":""SUM"",""timeSummarySameAsMainSummary"":true}",Cost Centres,Month,Model Calendar,All,,19152,00.15%,Ugly but right. Sums every driver; add new drivers here too.,-,-,,,false,All Versions,,true,false,false,false,-,"Check, Has Drivers?",INP02 Opex Drivers
Property Costs,"{""minimumSignificantDigits"":4,""decimalPlaces"":-1,""decimalSeparator"":""FULL_STOP"",""groupingSeparator"":""COMMA"",""negativeNumberNotation"":""MINUS_SIGN"",""unitsType"":""NONE"",""unitsDisplayType"":""NONE"",""zeroFormat"":""ZERO"",""comparisonIncrease"":""GOOD"",""dataType"":""NUMBER""}",Rent + Business Rates + Utilities + Cleaning + Security + Insurance,"{""summaryMethod"":""SUM"",""timeSummaryMethod"":""SUM"",""timeSummarySameAsMainSummary"":true}",Cost Centres,Month,Model Calendar,All,,19152,00.02%,,-,-,,,false,All Versions,,true,false,false,false,-,Check,INP02 Opex Drivers
People Costs,"{""minimumSignificantDigits"":4,""decimalPlaces"":-1,""decimalSeparator"":""FULL_STOP"",""groupingSeparator"":""COMMA"",""negativeNumberNotation"":""MINUS_SIGN"",""unitsType"":""NONE"",""unitsDisplayType"":""NONE"",""zeroFormat"":""ZERO"",""comparisonIncrease"":""GOOD"",""dataType"":""NUMBER""}",Travel + Subsistence + Mileage + Hotels + Training + Recruitment Fees,"{""summaryMethod"":""SUM"",""timeSummaryMethod"":""SUM"",""timeSummarySameAsMainSummary"":true}",Cost Centres,Month,Model Calendar,All,,19152,00.02%,,-,-,,,false,All Versions,,true,false,false,false,-,Check,INP02 Opex Drivers
Marketing Costs,"{""minimumSignificantDigits"":4,""decimalPlaces"":-1,""decimalSeparator"":""FULL_STOP"",""groupingSeparator"":""COMMA"",""negativeNumberNotation"":""MINUS_SIGN"",""unitsType"":""NONE"",""unitsDisplayType"":""NONE"",""zeroFormat"":""ZERO"",""comparisonIncrease"":""GOOD"",""dataType"":""NUMBER""}",Marketing Events + Marketing Digital + Marketing Print + Agency Fees + Sponsorship,"{""summaryMethod"":""SUM"",""timeSummaryMethod"":""SUM"",""timeSummarySameAsMainSummary"":true}",Cost Centres,Month,Model Calendar,All,,19152,00.02%,,-,-,,,false,All Versions,,true,false,false,false,-,Check,INP02 Opex Drivers
IT Costs,"{""minimumSignificantDigits"":4,""decimalPlaces"":-1,""decimalSeparator"":""FULL_STOP"",""groupingSeparator"":""COMMA"",""negativeNumberNotation"":""MINUS_SIGN"",""unitsType"":""NONE"",""unitsDisplayType"":""NONE"",""zeroFormat"":""ZERO"",""comparisonIncrease"":""GOOD"",""dataType"":""NUMBER""}",Software Licences + Software Support + Hardware + Telecoms + Mobile,"{""summaryMethod"":""SUM"",""timeSummaryMethod"":""SUM"",""timeSummarySameAsMainSummary"":true}",Cost Centres,Month,Model Calendar,All,,19152,00.02%,,-,-,,,false,All Versions,,true,false,false,false,-,Check,INP02 Opex Drivers
Check,"{""minimumSignificantDigits"":4,""decimalPlaces"":-1,""decimalSeparator"":""FULL_STOP"",""groupingSeparator"":""COMMA"",""negativeNumberNotation"":""MINUS_SIGN"",""unitsType"":""NONE"",""unitsDisplayType"":""NONE"",""zeroFormat"":""ZERO"",""comparisonIncrease"":""GOOD"",""dataType"":""NUMBER""}",Total Drivers - Property Costs - People Costs - Marketing Costs - IT Costs,"{""summaryMethod"":""SUM"",""timeSummaryMethod"":""SUM"",""timeSummarySameAsMainSummary"":true}",Cost Centres,Month,Model Calendar,All,,19152,00.02%,Should equal 'other' drivers. Nobody looks at it.,-,-,,,false,All Versions,,true,false,false,false,-,,INP02 Opex Drivers
Has Drivers?,"{""dataType"":""BOOLEAN""}",Total Drivers <> 0,"{""summaryMethod"":""ANY"",""timeSummaryMethod"":""ANY"",""timeSummarySameAsMainSummary"":true}",Cost Centres,Month,Model Calendar,All,,19152,00.01%,,-,-,,,false,All Versions,,true,false,false,false,-,Driver Count,INP02 Opex Drivers
Driver Count,"{""minimumSignificantDigits"":4,""decimalPlaces"":-1,""decimalSeparator"":""FULL_STOP"",""groupingSeparator"":""COMMA"",""negativeNumberNotation"":""MINUS_SIGN"",""unitsType"":""NONE"",""unitsDisplayType"":""NONE"",""zeroFormat"":""ZERO"",""comparisonIncrease"":""GOOD"",""dataType"":""NUMBER""}",IF Has Drivers? THEN 1 ELSE 0,"{""summaryMethod"":""SUM"",""timeSummaryMethod"":""SUM"",""timeSummarySameAsMainSummary"":true}",Cost Centres,Month,Model Calendar,All,,19152,00.01%,,-,-,,,false,All Versions,,true,false,false,false,-,,INP02 Opex Drivers
INP03 Headcount,,,,"Cost Centres, Roles",Month,Model Calendar,All,,5937120,,,,,Show All Users: On,,,,,,New Line Items: Off,,,,,
FTE,"{""minimumSignificantDigits"":4,""decimalPlaces"":-1,""decimalSeparator"":""FULL_STOP"",""groupingSeparator"":""COMMA"",""negativeNumberNotation"":""MINUS_SIGN"",""unitsType"":""NONE"",""unitsDisplayType"":""NONE"",""zeroFormat"":""ZERO"",""comparisonIncrease"":""GOOD"",""dataType"":""NUMBER""}",,"{""summaryMethod"":""SUM"",""timeSummaryMethod"":""SUM"",""timeSummarySameAsMainSummary"":true}","Cost Centres, Roles",Month,Model Calendar,All,,593712,,,-,-,,,false,All Versions,,false,false,false,false,-,"'CAL06 Department Summary'.FTE, Total Cost, 'OUT01 Management Pack'.Headcount",INP03 Headcount
Salary,"{""minimumSignificantDigits"":4,""decimalPlaces"":-1,""decimalSeparator"":""FULL_STOP"",""groupingSeparator"":""COMMA"",""negativeNumberNotation"":""MINUS_SIGN"",""unitsType"":""NONE"",""unitsDisplayType"":""NONE"",""zeroFormat"":""ZERO"",""comparisonIncrease"":""GOOD"",""dataType"":""NUMBER""}",,"{""summaryMethod"":""NONE"",""timeSummaryMethod"":""NONE"",""timeSummarySameAsMainSummary"":true}","Cost Centres, Roles",Month,Model Calendar,All,,593712,,,-,-,,,false,All Versions,,false,false,false,false,-,Monthly Salary,INP03 Headcount
Bonus %,"{""minimumSignificantDigits"":4,""decimalPlaces"":1,""decimalSeparator"":""FULL_STOP"",""groupingSeparator"":""COMMA"",""negativeNumberNotation"":""MINUS_SIGN"",""unitsType"":""PERCENTAGE"",""unitsDisplayType"":""PERCENTAGE"",""zeroFormat"":""ZERO"",""comparisonIncrease"":""GOOD"",""dataType"":""NUMBER""}",,"{""summaryMethod"":""NONE"",""timeSummaryMethod"":""NONE"",""timeSummarySameAsMainSummary"":true}","Cost Centres, Roles",Month,Model Calendar,All,,593712,,,-,-,,,false,All Versions,,false,false,false,false,-,Bonus,INP03 Headcount
Monthly Salary,"{""minimumSignificantDigits"":4,""decimalPlaces"":-1,""decimalSeparator"":""FULL_STOP"",""groupingSeparator"":""COMMA"",""negativeNumberNotation"":""MINUS_SIGN"",""unitsType"":""NONE"",""unitsDisplayType"":""NONE"",""zeroFormat"":""ZERO"",""comparisonIncrease"":""GOOD"",""dataType"":""NUMBER""}",Salary / 12,"{""summaryMethod"":""SUM"",""timeSummaryMethod"":""SUM"",""timeSummarySameAsMainSummary"":true}","Cost Centres, Roles",Month,Model Calendar,All,,593712,00.18%,,-,-,,,false,All Versions,,true,false,false,false,-,"Bonus, Employer NI, Pension, Total Cost",INP03 Headcount
NI Threshold,"{""minimumSignificantDigits"":4,""decimalPlaces"":-1,""decimalSeparator"":""FULL_STOP"",""groupingSeparator"":""COMMA"",""negativeNumberNotation"":""MINUS_SIGN"",""unitsType"":""NONE"",""unitsDisplayType"":""NONE"",""zeroFormat"":""ZERO"",""comparisonIncrease"":""GOOD"",""dataType"":""NUMBER""}",'SYS00 Model Settings'.NI Threshold / 12,"{""summaryMethod"":""NONE"",""timeSummaryMethod"":""NONE"",""timeSummarySameAsMainSummary"":true}","Cost Centres, Roles",Month,Model Calendar,All,,593712,00.18%,,-,-,,,false,All Versions,,true,false,false,false,-,Employer NI,INP03 Headcount
NI Rate,"{""minimumSignificantDigits"":4,""decimalPlaces"":-1,""decimalSeparator"":""FULL_STOP"",""groupingSeparator"":""COMMA"",""negativeNumberNotation"":""MINUS_SIGN"",""unitsType"":""NONE"",""unitsDisplayType"":""NONE"",""zeroFormat"":""ZERO"",""comparisonIncrease"":""GOOD"",""dataType"":""NUMBER""}",'SYS00 Model Settings'.NI Rate,"{""summaryMethod"":""NONE"",""timeSummaryMethod"":""NONE"",""timeSummarySameAsMainSummary"":true}","Cost Centres, Roles",Month,Model Calendar,All,,593712,00.18%,,-,-,,,false,All Versions,,true,false,false,false,-,Employer NI,INP03 Headcount
Employer NI,"{""minimumSignificantDigits"":4,""decimalPlaces"":-1,""decimalSeparator"":""FULL_STOP"",""groupingSeparator"":""COMMA"",""negativeNumberNotation"":""MINUS_SIGN"",""unitsType"":""NONE"",""unitsDisplayType"":""NONE"",""zeroFormat"":""ZERO"",""comparisonIncrease"":""GOOD"",""dataType"":""NUMBER""}",IF Monthly Salary > NI Threshold THEN (Monthly Salary - NI Threshold) * NI Rate ELSE 0,"{""summaryMethod"":""SUM"",""timeSummaryMethod"":""SUM"",""timeSummarySameAsMainSummary"":true}","Cost Centres, Roles",Month,Model Calendar,All,,593712,00.58%,,-,-,,,false,All Versions,,true,false,false,false,-,Total Cost,INP03 Headcount
Bonus,"{""minimumSignificantDigits"":4,""decimalPlaces"":-1,""decimalSeparator"":""FULL_STOP"",""groupingSeparator"":""COMMA"",""negativeNumberNotation"":""MINUS_SIGN"",""unitsType"":""NONE"",""unitsDisplayType"":""NONE"",""zeroFormat"":""ZERO"",""comparisonIncrease"":""GOOD"",""dataType"":""NUMBER""}",Monthly Salary * Bonus %,"{""summaryMethod"":""SUM"",""timeSummaryMethod"":""SUM"",""timeSummarySameAsMainSummary"":true}","Cost Centres, Roles",Month,Model Calendar,All,,593712,00.27%,,-,-,,,false,All Versions,,true,false,false,false,-,Total Cost,INP03 Headcount
Pension,"{""minimumSignificantDigits"":4,""decimalPlaces"":-1,""decimalSeparator"":""FULL_STOP"",""groupingSeparator"":""COMMA"",""negativeNumberNotation"":""MINUS_SIGN"",""unitsType"":""NONE"",""unitsDisplayType"":""NONE"",""zeroFormat"":""ZERO"",""comparisonIncrease"":""GOOD"",""dataType"":""NUMBER""}",Monthly Salary * 0.05,"{""summaryMethod"":""SUM"",""timeSummaryMethod"":""SUM"",""timeSummarySameAsMainSummary"":true}","Cost Centres, Roles",Month,Model Calendar,All,,593712,00.18%,,-,-,,,false,All Versions,,true,false,false,false,-,Total Cost,INP03 Headcount
Total Cost,"{""minimumSignificantDigits"":4,""decimalPlaces"":-1,""decimalSeparator"":""FULL_STOP"",""groupingSeparator"":""COMMA"",""negativeNumberNotation"":""MINUS_SIGN"",""unitsType"":""NONE"",""unitsDisplayType"":""NONE"",""zeroFormat"":""ZERO"",""comparisonIncrease"":""GOOD"",""dataType"":""NUMBER""}",(Monthly Salary + Employer NI + Bonus + Pension) * FTE,"{""summaryMethod"":""SUM"",""timeSummaryMethod"":""SUM"",""timeSummarySameAsMainSummary"":true}","Cost Centres, Roles",Month,Model Calendar,All,,593712,00.55%,,-,-,,,false,All Versions,,true,false,false,false,-,'CAL07 P&L by Cost Centre'.Staff Cost,INP03 Headcount
INP04 Capex,,,,Cost Centres,Month,Model Calendar,All,,76608,,,,,Show All Users: On,,,,,,New Line Items: Off,,,,,
Capex Spend,"{""minimumSignificantDigits"":4,""decimalPlaces"":-1,""decimalSeparator"":""FULL_STOP"",""groupingSeparator"":""COMMA"",""negativeNumberNotation"":""MINUS_SIGN"",""unitsType"":""NONE"",""unitsDisplayType"":""NONE"",""zeroFormat"":""ZERO"",""comparisonIncrease"":""GOOD"",""dataType"":""NUMBER""}",,"{""summaryMethod"":""SUM"",""timeSummaryMethod"":""SUM"",""timeSummarySameAsMainSummary"":true}",Cost Centres,Month,Model Calendar,All,,19152,,,-,-,,,false,All Versions,,false,false,false,false,-,"'CAL08 Cash Flow'.Capex, 'CAL10 Depreciation'.Charge, 'CAL10 Depreciation'.NBV, 'OUT01 Management Pack'.Capex",INP04 Capex
Useful Life Years,"{""minimumSignificantDigits"":4,""decimalPlaces"":-1,""decimalSeparator"":""FULL_STOP"",""groupingSeparator"":""COMMA"",""negativeNumberNotation"":""MINUS_SIGN"",""unitsType"":""NONE"",""unitsDisplayType"":""NONE"",""zeroFormat"":""ZERO"",""comparisonIncrease"":""GOOD"",""dataType"":""NUMBER""}",,"{""summaryMethod"":""NONE"",""timeSummaryMethod"":""NONE"",""timeSummarySameAsMainSummary"":true}",Cost Centres,Month,Model Calendar,All,,19152,,,-,-,,,false,All Versions,,false,false,false,false,-,'CAL10 Depreciation'.Charge,INP04 Capex
Asset Class,"{""hierarchyEntityLongId"":101000000282,""selectiveAccessApplied"":false,""showAll"":true,""dataType"":""ENTITY""}",,"{""summaryMethod"":""NONE"",""timeSummaryMethod"":""NONE"",""timeSummarySameAsMainSummary"":true}",Cost Centres,Month,Model Calendar,All,,19152,,,-,-,,,false,All Versions,,false,false,false,false,-,'CAL10 Depreciation'.Charge,INP04 Capex
Project,"{""textType"":""GENERAL"",""dataType"":""TEXT""}",,"{""summaryMethod"":""NONE"",""timeSummaryMethod"":""NONE"",""timeSummarySameAsMainSummary"":true}",Cost Centres,Month,Model Calendar,All,,19152,,,-,-,,,false,All Versions,,false,false,false,false,-,,INP04 Capex
INP05 Balance Sheet Drivers,,,,Legal Entities,Month,Model Calendar,All,,2880,,,,,Show All Users: On,,,,,,New Line Items: Off,,,,,
Debtor Days,"{""minimumSignificantDigits"":4,""decimalPlaces"":-1,""decimalSeparator"":""FULL_STOP"",""groupingSeparator"":""COMMA"",""negativeNumberNotation"":""MINUS_SIGN"",""unitsType"":""NONE"",""unitsDisplayType"":""NONE"",""zeroFormat"":""ZERO"",""comparisonIncrease"":""GOOD"",""dataType"":""NUMBER""}",,"{""summaryMethod"":""NONE"",""timeSummaryMethod"":""NONE"",""timeSummarySameAsMainSummary"":true}",Legal Entities,Month,Model Calendar,All,,576,,,-,-,,,false,All Versions,,false,false,false,false,-,'CAL08 Cash Flow'.Debtors,INP05 Balance Sheet Drivers
Creditor Days,"{""minimumSignificantDigits"":4,""decimalPlaces"":-1,""decimalSeparator"":""FULL_STOP"",""groupingSeparator"":""COMMA"",""negativeNumberNotation"":""MINUS_SIGN"",""unitsType"":""NONE"",""unitsDisplayType"":""NONE"",""zeroFormat"":""ZERO"",""comparisonIncrease"":""GOOD"",""dataType"":""NUMBER""}",,"{""summaryMethod"":""NONE"",""timeSummaryMethod"":""NONE"",""timeSummarySameAsMainSummary"":true}",Legal Entities,Month,Model Calendar,All,,576,,,-,-,,,false,All Versions,,false,false,false,false,-,,INP05 Balance Sheet Drivers
Stock Days,"{""minimumSignificantDigits"":4,""decimalPlaces"":-1,""decimalSeparator"":""FULL_STOP"",""groupingSeparator"":""COMMA"",""negativeNumberNotation"":""MINUS_SIGN"",""unitsType"":""NONE"",""unitsDisplayType"":""NONE"",""zeroFormat"":""ZERO"",""comparisonIncrease"":""GOOD"",""dataType"":""NUMBER""}",,"{""summaryMethod"":""NONE"",""timeSummaryMethod"":""NONE"",""timeSummarySameAsMainSummary"":true}",Legal Entities,Month,Model Calendar,All,,576,,,-,-,,,false,All Versions,,false,false,false,false,-,,INP05 Balance Sheet Drivers
Opening Cash Balance,"{""minimumSignificantDigits"":4,""decimalPlaces"":-1,""decimalSeparator"":""FULL_STOP"",""groupingSeparator"":""COMMA"",""negativeNumberNotation"":""MINUS_SIGN"",""unitsType"":""NONE"",""unitsDisplayType"":""NONE"",""zeroFormat"":""ZERO"",""comparisonIncrease"":""GOOD"",""dataType"":""NUMBER""}",,"{""summaryMethod"":""NONE"",""timeSummaryMethod"":""NONE"",""timeSummarySameAsMainSummary"":true}",Legal Entities,Month,Model Calendar,All,,576,,,-,-,,,false,All Versions,,false,false,false,false,-,'CAL08 Cash Flow'.Opening Cash,INP05 Balance Sheet Drivers
Tax Rate Override,"{""minimumSignificantDigits"":4,""decimalPlaces"":1,""decimalSeparator"":""FULL_STOP"",""groupingSeparator"":""COMMA"",""negativeNumberNotation"":""MINUS_SIGN"",""unitsType"":""PERCENTAGE"",""unitsDisplayType"":""PERCENTAGE"",""zeroFormat"":""ZERO"",""comparisonIncrease"":""GOOD"",""dataType"":""NUMBER""}",,"{""summaryMethod"":""NONE"",""timeSummaryMethod"":""NONE"",""timeSummarySameAsMainSummary"":true}",Legal Entities,Month,Model Calendar,All,,576,,,-,-,,,false,All Versions,,false,false,false,false,-,,INP05 Balance Sheet Drivers
INP06 Unit Costs,,,,Products,Month,Model Calendar,All,,18144,,,,,Show All Users: On,,,,,,New Line Items: Off,,,,,
Unit Cost,"{""minimumSignificantDigits"":4,""decimalPlaces"":-1,""decimalSeparator"":""FULL_STOP"",""groupingSeparator"":""COMMA"",""negativeNumberNotation"":""MINUS_SIGN"",""unitsType"":""NONE"",""unitsDisplayType"":""NONE"",""zeroFormat"":""ZERO"",""comparisonIncrease"":""GOOD"",""dataType"":""NUMBER""}",,"{""summaryMethod"":""NONE"",""timeSummaryMethod"":""NONE"",""timeSummarySameAsMainSummary"":true}",Products,Month,Model Calendar,All,,6048,,,-,-,,,false,All Versions,,false,false,false,false,-,Landed Cost,INP06 Unit Costs
Freight per Unit,"{""minimumSignificantDigits"":4,""decimalPlaces"":-1,""decimalSeparator"":""FULL_STOP"",""groupingSeparator"":""COMMA"",""negativeNumberNotation"":""MINUS_SIGN"",""unitsType"":""NONE"",""unitsDisplayType"":""NONE"",""zeroFormat"":""ZERO"",""comparisonIncrease"":""GOOD"",""dataType"":""NUMBER""}",,"{""summaryMethod"":""NONE"",""timeSummaryMethod"":""NONE"",""timeSummarySameAsMainSummary"":true}",Products,Month,Model Calendar,All,,6048,,,-,-,,,false,All Versions,,false,false,false,false,-,Landed Cost,INP06 Unit Costs
Landed Cost,"{""minimumSignificantDigits"":4,""decimalPlaces"":-1,""decimalSeparator"":""FULL_STOP"",""groupingSeparator"":""COMMA"",""negativeNumberNotation"":""MINUS_SIGN"",""unitsType"":""NONE"",""unitsDisplayType"":""NONE"",""zeroFormat"":""ZERO"",""comparisonIncrease"":""GOOD"",""dataType"":""NUMBER""}",Unit Cost + Freight per Unit,"{""summaryMethod"":""NONE"",""timeSummaryMethod"":""NONE"",""timeSummarySameAsMainSummary"":true}",Products,Month,Model Calendar,All,,6048,00.00%,,-,-,,,false,All Versions,,true,false,false,false,-,'CAL04 Margn'.COGS,INP06 Unit Costs
DAT01 Actuals GL,,,,"Cost Centres, Accounts",Month,Model Calendar,All,,20071296,,,,,Show All Users: On,,,,,,New Line Items: Off,,,,,
Amount,"{""minimumSignificantDigits"":4,""decimalPlaces"":-1,""decimalSeparator"":""FULL_STOP"",""groupingSeparator"":""COMMA"",""negativeNumberNotation"":""MINUS_SIGN"",""unitsType"":""NONE"",""unitsDisplayType"":""NONE"",""zeroFormat"":""ZERO"",""comparisonIncrease"":""GOOD"",""dataType"":""NUMBER""}",,"{""summaryMethod"":""SUM"",""timeSummaryMethod"":""SUM"",""timeSummarySameAsMainSummary"":true}","Cost Centres, Accounts",Month,Model Calendar,All,,5017824,,,-,-,,,false,All Versions,,false,false,false,false,-,"'CAL03 Opex'.Actual Opex, 'CAL05 Opex OLD'.Actual, Loaded?",DAT01 Actuals GL
Source Journal,"{""textType"":""GENERAL"",""dataType"":""TEXT""}",,"{""summaryMethod"":""NONE"",""timeSummaryMethod"":""NONE"",""timeSummarySameAsMainSummary"":true}","Cost Centres, Accounts",Month,Model Calendar,All,,5017824,,,-,-,,,false,All Versions,,false,false,false,false,-,Journal Cost Centre,DAT01 Actuals GL
Journal Cost Centre,"{""hierarchyEntityLongId"":101000000336,""selectiveAccessApplied"":false,""showAll"":true,""dataType"":""ENTITY""}","FINDITEM(Cost Centres, Source Journal)","{""summaryMethod"":""NONE"",""timeSummaryMethod"":""NONE"",""timeSummarySameAsMainSummary"":true}","Cost Centres, Accounts",Month,Model Calendar,All,,5017824,06.17%,,-,-,,,false,All Versions,,true,false,false,false,-,,DAT01 Actuals GL
Loaded?,"{""dataType"":""BOOLEAN""}",Amount <> 0,"{""summaryMethod"":""ANY"",""timeSummaryMethod"":""ANY"",""timeSummarySameAsMainSummary"":true}","Cost Centres, Accounts",Month,Model Calendar,All,,5017824,01.54%,,-,-,,,false,All Versions,,true,false,false,false,-,,DAT01 Actuals GL
DAT02 Actuals Volumes,,,,"Products, Regions",Month,Model Calendar,All,,72576,,,,,Show All Users: On,,,,,,New Line Items: Off,,,,,
Units Actual,"{""minimumSignificantDigits"":4,""decimalPlaces"":-1,""decimalSeparator"":""FULL_STOP"",""groupingSeparator"":""COMMA"",""negativeNumberNotation"":""MINUS_SIGN"",""unitsType"":""NONE"",""unitsDisplayType"":""NONE"",""zeroFormat"":""ZERO"",""comparisonIncrease"":""GOOD"",""dataType"":""NUMBER""}",,"{""summaryMethod"":""SUM"",""timeSummaryMethod"":""SUM"",""timeSummarySameAsMainSummary"":true}","Products, Regions",Month,Model Calendar,All,,36288,,,-,-,,,false,All Versions,,false,false,false,false,-,'CAL01 Volumes'.Units,DAT02 Actuals Volumes
Revenue Actual,"{""minimumSignificantDigits"":4,""decimalPlaces"":-1,""decimalSeparator"":""FULL_STOP"",""groupingSeparator"":""COMMA"",""negativeNumberNotation"":""MINUS_SIGN"",""unitsType"":""NONE"",""unitsDisplayType"":""NONE"",""zeroFormat"":""ZERO"",""comparisonIncrease"":""GOOD"",""dataType"":""NUMBER""}",,"{""summaryMethod"":""SUM"",""timeSummaryMethod"":""SUM"",""timeSummarySameAsMainSummary"":true}","Products, Regions",Month,Model Calendar,All,,36288,,,-,-,,,false,All Versions,,false,false,false,false,-,,DAT02 Actuals Volumes
CAL01 Volumes,,,,"Products, Regions",Month,Model Calendar,All,,223776,,,,,Show All Users: On,,,,,,New Line Items: Off,,,,,
Units,"{""minimumSignificantDigits"":4,""decimalPlaces"":-1,""decimalSeparator"":""FULL_STOP"",""groupingSeparator"":""COMMA"",""negativeNumberNotation"":""MINUS_SIGN"",""unitsType"":""NONE"",""unitsDisplayType"":""NONE"",""zeroFormat"":""ZERO"",""comparisonIncrease"":""GOOD"",""dataType"":""NUMBER""}",IF 'SYS01 Time Settings'.Actual? THEN 'DAT02 Actuals Volumes'.Units Actual ELSE IF 'INP01 Volumes'.Use Override? THEN 'INP01 Volumes'.Volume Override ELSE 'INP01 Volumes'.Units,"{""summaryMethod"":""SUM"",""timeSummaryMethod"":""SUM"",""timeSummarySameAsMainSummary"":true}","Products, Regions",Month,Model Calendar,All,,36288,00.05%,,-,-,,,false,All Versions,,true,false,false,false,-,"Net Units, Returns",CAL01 Volumes
Returns,"{""minimumSignificantDigits"":4,""decimalPlaces"":-1,""decimalSeparator"":""FULL_STOP"",""groupingSeparator"":""COMMA"",""negativeNumberNotation"":""MINUS_SIGN"",""unitsType"":""NONE"",""unitsDisplayType"":""NONE"",""zeroFormat"":""ZERO"",""comparisonIncrease"":""GOOD"",""dataType"":""NUMBER""}",Units * 'INP01 Volumes'.Returns %,"{""summaryMethod"":""SUM"",""timeSummaryMethod"":""SUM"",""timeSummarySameAsMainSummary"":true}","Products, Regions",Month,Model Calendar,All,,36288,00.02%,,-,-,,,false,All Versions,,true,false,false,false,-,Net Units,CAL01 Volumes
Net Units,"{""minimumSignificantDigits"":4,""decimalPlaces"":-1,""decimalSeparator"":""FULL_STOP"",""groupingSeparator"":""COMMA"",""negativeNumberNotation"":""MINUS_SIGN"",""unitsType"":""NONE"",""unitsDisplayType"":""NONE"",""zeroFormat"":""ZERO"",""comparisonIncrease"":""GOOD"",""dataType"":""NUMBER""}",Units - Returns,"{""summaryMethod"":""SUM"",""timeSummaryMethod"":""SUM"",""timeSummarySameAsMainSummary"":true}","Products, Regions",Month,Model Calendar,All,,36288,00.02%,,-,-,,,false,All Versions,,true,false,false,false,-,"Sellable Units, 'CAL02 Revenue'.Average Price, 'CAL02 Revenue'.Revenue per Unit",CAL01 Volumes
Launched?,"{""dataType"":""BOOLEAN""}",'SYS07 Launch Flags'.Launched?,"{""summaryMethod"":""NONE"",""timeSummaryMethod"":""NONE"",""timeSummarySameAsMainSummary"":true}",Products,Month,Model Calendar,All,,6048,00.00%,"Subsidiary view. Cheaper than a lookup, said the builder.",-,-,,,false,All Versions,,true,false,false,false,-,Sellable Units,CAL01 Volumes
Sellable Units,"{""minimumSignificantDigits"":4,""decimalPlaces"":-1,""decimalSeparator"":""FULL_STOP"",""groupingSeparator"":""COMMA"",""negativeNumberNotation"":""MINUS_SIGN"",""unitsType"":""NONE"",""unitsDisplayType"":""NONE"",""zeroFormat"":""ZERO"",""comparisonIncrease"":""GOOD"",""dataType"":""NUMBER""}",IF Launched? THEN Net Units ELSE 0,"{""summaryMethod"":""SUM"",""timeSummaryMethod"":""SUM"",""timeSummarySameAsMainSummary"":true}","Products, Regions",Month,Model Calendar,All,,36288,00.03%,,-,-,,,false,All Versions,,true,false,false,false,-,"Sellable Units Prior Year, Volume Growth, 'CAL02 Revenue'.Gross Revenue, 'CAL04 Margn'.COGS",CAL01 Volumes
Sellable Units Prior Year,"{""minimumSignificantDigits"":4,""decimalPlaces"":-1,""decimalSeparator"":""FULL_STOP"",""groupingSeparator"":""COMMA"",""negativeNumberNotation"":""MINUS_SIGN"",""unitsType"":""NONE"",""unitsDisplayType"":""NONE"",""zeroFormat"":""ZERO"",""comparisonIncrease"":""GOOD"",""dataType"":""NUMBER""}","LAG(Sellable Units, 12, 0)","{""summaryMethod"":""SUM"",""timeSummaryMethod"":""SUM"",""timeSummarySameAsMainSummary"":true}","Products, Regions",Month,Model Calendar,All,,36288,00.01%,,-,-,,,false,All Versions,,true,false,false,false,-,Volume Growth,CAL01 Volumes
Volume Growth,"{""minimumSignificantDigits"":4,""decimalPlaces"":1,""decimalSeparator"":""FULL_STOP"",""groupingSeparator"":""COMMA"",""negativeNumberNotation"":""MINUS_SIGN"",""unitsType"":""PERCENTAGE"",""unitsDisplayType"":""PERCENTAGE"",""zeroFormat"":""ZERO"",""comparisonIncrease"":""GOOD"",""dataType"":""NUMBER""}","DIVIDE(Sellable Units - Sellable Units Prior Year, Sellable Units Prior Year)","{""summaryMethod"":""FORMULA"",""timeSummaryMethod"":""FORMULA"",""timeSummarySameAsMainSummary"":true}","Products, Regions",Month,Model Calendar,All,,36288,00.02%,,-,-,,,false,All Versions,,true,false,false,false,-,,CAL01 Volumes
CAL02 Revenue,,,,"Products, Regions",Month,Model Calendar,All,,435456,,,,,Show All Users: On,,,,,,New Line Items: Off,,,,,
Gross Revenue,"{""minimumSignificantDigits"":4,""decimalPlaces"":-1,""decimalSeparator"":""FULL_STOP"",""groupingSeparator"":""COMMA"",""negativeNumberNotation"":""MINUS_SIGN"",""unitsType"":""NONE"",""unitsDisplayType"":""NONE"",""zeroFormat"":""ZERO"",""comparisonIncrease"":""GOOD"",""dataType"":""NUMBER""}",'CAL01 Volumes'.Sellable Units * 'INP01 Volumes'.Price,"{""summaryMethod"":""SUM"",""timeSummaryMethod"":""SUM"",""timeSummarySameAsMainSummary"":true}","Products, Regions",Month,Model Calendar,All,,36288,00.02%,,-,-,,,false,All Versions,,true,false,false,false,-,"Discounts, Net Revenue",CAL02 Revenue
Discounts,"{""minimumSignificantDigits"":4,""decimalPlaces"":-1,""decimalSeparator"":""FULL_STOP"",""groupingSeparator"":""COMMA"",""negativeNumberNotation"":""MINUS_SIGN"",""unitsType"":""NONE"",""unitsDisplayType"":""NONE"",""zeroFormat"":""ZERO"",""comparisonIncrease"":""GOOD"",""dataType"":""NUMBER""}",Gross Revenue * 'INP01 Volumes'.Discount %,"{""summaryMethod"":""SUM"",""timeSummaryMethod"":""SUM"",""timeSummarySameAsMainSummary"":true}","Products, Regions",Month,Model Calendar,All,,36288,00.02%,,-,-,,,false,All Versions,,true,false,false,false,-,Net Revenue,CAL02 Revenue
Net Revenue,"{""minimumSignificantDigits"":4,""decimalPlaces"":-1,""decimalSeparator"":""FULL_STOP"",""groupingSeparator"":""COMMA"",""negativeNumberNotation"":""MINUS_SIGN"",""unitsType"":""NONE"",""unitsDisplayType"":""NONE"",""zeroFormat"":""ZERO"",""comparisonIncrease"":""GOOD"",""dataType"":""NUMBER""}",Gross Revenue - Discounts,"{""summaryMethod"":""SUM"",""timeSummaryMethod"":""SUM"",""timeSummarySameAsMainSummary"":true}","Products, Regions",Month,Model Calendar,All,,36288,00.02%,,-,-,,,false,All Versions,,true,false,false,false,-,"Average Price, Revenue GBP, Revenue per Unit, VAT, 'CAL04 Margn'.Margin, 'CAL04 Margn'.Margin %",CAL02 Revenue
Revenue GBP,"{""minimumSignificantDigits"":4,""decimalPlaces"":-1,""decimalSeparator"":""FULL_STOP"",""groupingSeparator"":""COMMA"",""negativeNumberNotation"":""MINUS_SIGN"",""unitsType"":""NONE"",""unitsDisplayType"":""NONE"",""zeroFormat"":""ZERO"",""comparisonIncrease"":""GOOD"",""dataType"":""NUMBER""}",Net Revenue * 'SYS05 FX Rates'.Rate to GBP[LOOKUP: 'SYS06 Region Attributes'.Currency],"{""summaryMethod"":""SUM"",""timeSummaryMethod"":""SUM"",""timeSummarySameAsMainSummary"":true}","Products, Regions",Month,Model Calendar,All,,36288,00.07%,,-,-,,,false,All Versions,,true,false,false,false,-,"Revenue Growth, Revenue Prior Year, Revenue USD, 'CAL07 P&L by Cost Centre'.Revenue",CAL02 Revenue
Revenue USD,"{""minimumSignificantDigits"":4,""decimalPlaces"":-1,""decimalSeparator"":""FULL_STOP"",""groupingSeparator"":""COMMA"",""negativeNumberNotation"":""MINUS_SIGN"",""unitsType"":""NONE"",""unitsDisplayType"":""NONE"",""zeroFormat"":""ZERO"",""comparisonIncrease"":""GOOD"",""dataType"":""NUMBER""}",Revenue GBP * 1.27,"{""summaryMethod"":""SUM"",""timeSummaryMethod"":""SUM"",""timeSummarySameAsMainSummary"":true}","Products, Regions",Month,Model Calendar,All,,36288,00.01%,Board wants USD. Rate agreed with Treasury Jan 2024.,-,-,,,false,All Versions,,true,false,false,false,-,,CAL02 Revenue
VAT,"{""minimumSignificantDigits"":4,""decimalPlaces"":-1,""decimalSeparator"":""FULL_STOP"",""groupingSeparator"":""COMMA"",""negativeNumberNotation"":""MINUS_SIGN"",""unitsType"":""NONE"",""unitsDisplayType"":""NONE"",""zeroFormat"":""ZERO"",""comparisonIncrease"":""GOOD"",""dataType"":""NUMBER""}",Net Revenue * 0.2,"{""summaryMethod"":""SUM"",""timeSummaryMethod"":""SUM"",""timeSummarySameAsMainSummary"":true}","Products, Regions",Month,Model Calendar,All,,36288,00.01%,,-,-,,,false,All Versions,,true,false,false,false,-,,CAL02 Revenue
Revenue per Unit,"{""minimumSignificantDigits"":4,""decimalPlaces"":-1,""decimalSeparator"":""FULL_STOP"",""groupingSeparator"":""COMMA"",""negativeNumberNotation"":""MINUS_SIGN"",""unitsType"":""NONE"",""unitsDisplayType"":""NONE"",""zeroFormat"":""ZERO"",""comparisonIncrease"":""GOOD"",""dataType"":""NUMBER""}",Net Revenue / 'CAL01 Volumes'.Net Units,"{""summaryMethod"":""FORMULA"",""timeSummaryMethod"":""FORMULA"",""timeSummarySameAsMainSummary"":true}","Products, Regions",Month,Model Calendar,All,,36288,00.02%,,-,-,,,false,All Versions,,true,false,false,false,-,,CAL02 Revenue
Average Price,"{""minimumSignificantDigits"":4,""decimalPlaces"":-1,""decimalSeparator"":""FULL_STOP"",""groupingSeparator"":""COMMA"",""negativeNumberNotation"":""MINUS_SIGN"",""unitsType"":""NONE"",""unitsDisplayType"":""NONE"",""zeroFormat"":""ZERO"",""comparisonIncrease"":""GOOD"",""dataType"":""NUMBER""}","DIVIDE(Net Revenue, 'CAL01 Volumes'.Net Units)","{""summaryMethod"":""FORMULA"",""timeSummaryMethod"":""FORMULA"",""timeSummarySameAsMainSummary"":true}","Products, Regions",Month,Model Calendar,All,,36288,00.02%,,-,-,,,false,All Versions,,true,false,false,false,-,,CAL02 Revenue
Actual or Forecast,"{""textType"":""GENERAL"",""dataType"":""TEXT""}","IF 'SYS01 Time Settings'.Actual? THEN ""Actual"" ELSE ""Forecast""","{""summaryMethod"":""NONE"",""timeSummaryMethod"":""NONE"",""timeSummarySameAsMainSummary"":true}","Products, Regions",Month,Model Calendar,All,,36288,00.02%,,-,-,,,false,All Versions,,true,false,false,false,-,,CAL02 Revenue
Revenue Label,"{""textType"":""GENERAL"",""dataType"":""TEXT""}","NAME(ITEM(Products)) & "" / "" & NAME(ITEM(Regions))","{""summaryMethod"":""NONE"",""timeSummaryMethod"":""NONE"",""timeSummarySameAsMainSummary"":true}","Products, Regions",Month,Model Calendar,All,,36288,00.01%,,-,-,,,false,All Versions,,true,false,false,false,-,,CAL02 Revenue
Revenue Prior Year,"{""minimumSignificantDigits"":4,""decimalPlaces"":-1,""decimalSeparator"":""FULL_STOP"",""groupingSeparator"":""COMMA"",""negativeNumberNotation"":""MINUS_SIGN"",""unitsType"":""NONE"",""unitsDisplayType"":""NONE"",""zeroFormat"":""ZERO"",""comparisonIncrease"":""GOOD"",""dataType"":""NUMBER""}","LAG(Revenue GBP, 12, 0)","{""summaryMethod"":""SUM"",""timeSummaryMethod"":""SUM"",""timeSummarySameAsMainSummary"":true}","Products, Regions",Month,Model Calendar,All,,36288,00.01%,,-,-,,,false,All Versions,,true,false,false,false,-,Revenue Growth,CAL02 Revenue
Revenue Growth,"{""minimumSignificantDigits"":4,""decimalPlaces"":1,""decimalSeparator"":""FULL_STOP"",""groupingSeparator"":""COMMA"",""negativeNumberNotation"":""MINUS_SIGN"",""unitsType"":""PERCENTAGE"",""unitsDisplayType"":""PERCENTAGE"",""zeroFormat"":""ZERO"",""comparisonIncrease"":""GOOD"",""dataType"":""NUMBER""}","DIVIDE(Revenue GBP - Revenue Prior Year, Revenue Prior Year)","{""summaryMethod"":""FORMULA"",""timeSummaryMethod"":""FORMULA"",""timeSummarySameAsMainSummary"":true}","Products, Regions",Month,Model Calendar,All,,36288,00.02%,,-,-,,,false,All Versions,,true,false,false,false,-,,CAL02 Revenue
CAL03 Opex,,,,"Cost Centres, Accounts",Month,Model Calendar,All,,30106944,,,,,Show All Users: On,,,,,,New Line Items: Off,,,,,
Actual Opex,"{""minimumSignificantDigits"":4,""decimalPlaces"":-1,""decimalSeparator"":""FULL_STOP"",""groupingSeparator"":""COMMA"",""negativeNumberNotation"":""MINUS_SIGN"",""unitsType"":""NONE"",""unitsDisplayType"":""NONE"",""zeroFormat"":""ZERO"",""comparisonIncrease"":""GOOD"",""dataType"":""NUMBER""}",IF 'SYS03 Account Attributes'.Opex? THEN 'DAT01 Actuals GL'.Amount ELSE 0,"{""summaryMethod"":""SUM"",""timeSummaryMethod"":""SUM"",""timeSummarySameAsMainSummary"":true}","Cost Centres, Accounts",Month,Model Calendar,All,,5017824,03.70%,,-,-,,,false,All Versions,,true,false,false,false,-,Opex,CAL03 Opex
Forecast Opex,"{""minimumSignificantDigits"":4,""decimalPlaces"":-1,""decimalSeparator"":""FULL_STOP"",""groupingSeparator"":""COMMA"",""negativeNumberNotation"":""MINUS_SIGN"",""unitsType"":""NONE"",""unitsDisplayType"":""NONE"",""zeroFormat"":""ZERO"",""comparisonIncrease"":""GOOD"",""dataType"":""NUMBER""}",IF ITEM(Accounts) = Accounts.'6100 Rent' THEN 'INP02 Opex Drivers'.Rent ELSE IF ITEM(Accounts) = Accounts.'6110 Rates' THEN 'INP02 Opex Drivers'.Business Rates ELSE IF ITEM(Accounts) = Accounts.'6120 Utilities' THEN 'INP02 Opex Drivers'.Utilities ELSE IF ITEM(Accounts) = Accounts.'6200 Travel' THEN 'INP02 Opex Drivers'.Travel ELSE IF ITEM(Accounts) = Accounts.'6210 Subsistence' THEN 'INP02 Opex Drivers'.Subsistence ELSE IF ITEM(Accounts) = Accounts.'6300 Marketing' THEN 'INP02 Opex Drivers'.Marketing Events ELSE IF ITEM(Accounts) = Accounts.'6310 Digital' THEN 'INP02 Opex Drivers'.Marketing Digital ELSE IF ITEM(Accounts) = Accounts.'6400 Software' THEN 'INP02 Opex Drivers'.Software Licences ELSE IF ITEM(Accounts) = Accounts.'6410 Hardware' THEN 'INP02 Opex Drivers'.Hardware ELSE IF ITEM(Accounts) = Accounts.'6500 Professional Fees' THEN 'INP02 Opex Drivers'.Consultancy ELSE IF ITEM(Accounts) = Accounts.'6510 Audit' THEN 'INP02 Opex Drivers'.Audit Fees ELSE IF ITEM(Accounts) = Accounts.'6600 Recruitment' THEN 'INP02 Opex Drivers'.Recruitment Fees ELSE 0,"{""summaryMethod"":""SUM"",""timeSummaryMethod"":""SUM"",""timeSummarySameAsMainSummary"":true}","Cost Centres, Accounts",Month,Model Calendar,All,,5017824,16.04%,One branch per driver account. Add a branch when Finance adds an account.,-,-,,,false,All Versions,,true,false,false,false,-,Opex,CAL03 Opex
Opex,"{""minimumSignificantDigits"":4,""decimalPlaces"":-1,""decimalSeparator"":""FULL_STOP"",""groupingSeparator"":""COMMA"",""negativeNumberNotation"":""MINUS_SIGN"",""unitsType"":""NONE"",""unitsDisplayType"":""NONE"",""zeroFormat"":""ZERO"",""comparisonIncrease"":""GOOD"",""dataType"":""NUMBER""}",IF 'SYS01 Time Settings'.Actual? THEN Actual Opex ELSE Forecast Opex,"{""summaryMethod"":""SUM"",""timeSummaryMethod"":""SUM"",""timeSummarySameAsMainSummary"":true}","Cost Centres, Accounts",Month,Model Calendar,All,,5017824,04.94%,,-,-,,,false,All Versions,,true,false,false,false,-,Opex GBP,CAL03 Opex
Opex GBP,"{""minimumSignificantDigits"":4,""decimalPlaces"":-1,""decimalSeparator"":""FULL_STOP"",""groupingSeparator"":""COMMA"",""negativeNumberNotation"":""MINUS_SIGN"",""unitsType"":""NONE"",""unitsDisplayType"":""NONE"",""zeroFormat"":""ZERO"",""comparisonIncrease"":""GOOD"",""dataType"":""NUMBER""}",Opex * 'SYS05 FX Rates'.Rate to GBP[LOOKUP: 'SYS02 Cost Centre Attributes'.Currency],"{""summaryMethod"":""SUM"",""timeSummaryMethod"":""SUM"",""timeSummarySameAsMainSummary"":true}","Cost Centres, Accounts",Month,Model Calendar,All,,5017824,09.26%,,-,-,,,false,All Versions,,true,false,false,false,-,"Opex Prior Year, Opex Variance, 'CAL06 Department Summary'.Benchmark Opex, 'CAL07 P&L by Cost Centre'.Opex",CAL03 Opex
Opex Prior Year,"{""minimumSignificantDigits"":4,""decimalPlaces"":-1,""decimalSeparator"":""FULL_STOP"",""groupingSeparator"":""COMMA"",""negativeNumberNotation"":""MINUS_SIGN"",""unitsType"":""NONE"",""unitsDisplayType"":""NONE"",""zeroFormat"":""ZERO"",""comparisonIncrease"":""GOOD"",""dataType"":""NUMBER""}","LAG(Opex GBP, 12, 0)","{""summaryMethod"":""SUM"",""timeSummaryMethod"":""SUM"",""timeSummarySameAsMainSummary"":true}","Cost Centres, Accounts",Month,Model Calendar,All,,5017824,01.54%,,-,-,,,false,All Versions,,true,false,false,false,-,Opex Variance,CAL03 Opex
Opex Variance,"{""minimumSignificantDigits"":4,""decimalPlaces"":-1,""decimalSeparator"":""FULL_STOP"",""groupingSeparator"":""COMMA"",""negativeNumberNotation"":""MINUS_SIGN"",""unitsType"":""NONE"",""unitsDisplayType"":""NONE"",""zeroFormat"":""ZERO"",""comparisonIncrease"":""GOOD"",""dataType"":""NUMBER""}",Opex GBP - Opex Prior Year,"{""summaryMethod"":""SUM"",""timeSummaryMethod"":""SUM"",""timeSummarySameAsMainSummary"":true}","Cost Centres, Accounts",Month,Model Calendar,All,,5017824,02.31%,,-,-,,,false,All Versions,,true,false,false,false,-,,CAL03 Opex
CAL04 Margn,,,,"Products, Regions",Month,Model Calendar,All,,145152,,,,,Show All Users: On,,,,,,New Line Items: Off,,,,,
COGS,"{""minimumSignificantDigits"":4,""decimalPlaces"":-1,""decimalSeparator"":""FULL_STOP"",""groupingSeparator"":""COMMA"",""negativeNumberNotation"":""MINUS_SIGN"",""unitsType"":""NONE"",""unitsDisplayType"":""NONE"",""zeroFormat"":""ZERO"",""comparisonIncrease"":""GOOD"",""dataType"":""NUMBER""}",'CAL01 Volumes'.Sellable Units * 'INP06 Unit Costs'.Landed Cost,"{""summaryMethod"":""SUM"",""timeSummaryMethod"":""SUM"",""timeSummarySameAsMainSummary"":true}","Products, Regions",Month,Model Calendar,All,,36288,00.02%,,-,-,,,false,All Versions,,true,false,false,false,-,"Margin, 'CAL07 P&L by Cost Centre'.COGS",CAL04 Margn
Margin,"{""minimumSignificantDigits"":4,""decimalPlaces"":-1,""decimalSeparator"":""FULL_STOP"",""groupingSeparator"":""COMMA"",""negativeNumberNotation"":""MINUS_SIGN"",""unitsType"":""NONE"",""unitsDisplayType"":""NONE"",""zeroFormat"":""ZERO"",""comparisonIncrease"":""GOOD"",""dataType"":""NUMBER""}",'CAL02 Revenue'.Net Revenue - COGS,"{""summaryMethod"":""SUM"",""timeSummaryMethod"":""SUM"",""timeSummarySameAsMainSummary"":true}","Products, Regions",Month,Model Calendar,All,,36288,00.02%,,-,-,,,false,All Versions,,true,false,false,false,-,"Margin %, Margin GBP",CAL04 Margn
Margin %,"{""minimumSignificantDigits"":4,""decimalPlaces"":1,""decimalSeparator"":""FULL_STOP"",""groupingSeparator"":""COMMA"",""negativeNumberNotation"":""MINUS_SIGN"",""unitsType"":""PERCENTAGE"",""unitsDisplayType"":""PERCENTAGE"",""zeroFormat"":""ZERO"",""comparisonIncrease"":""GOOD"",""dataType"":""NUMBER""}","DIVIDE(Margin, 'CAL02 Revenue'.Net Revenue)","{""summaryMethod"":""FORMULA"",""timeSummaryMethod"":""FORMULA"",""timeSummarySameAsMainSummary"":true}","Products, Regions",Month,Model Calendar,All,,36288,00.02%,,-,-,,,false,All Versions,,true,false,false,false,-,,CAL04 Margn
Margin GBP,"{""minimumSignificantDigits"":4,""decimalPlaces"":-1,""decimalSeparator"":""FULL_STOP"",""groupingSeparator"":""COMMA"",""negativeNumberNotation"":""MINUS_SIGN"",""unitsType"":""NONE"",""unitsDisplayType"":""NONE"",""zeroFormat"":""ZERO"",""comparisonIncrease"":""GOOD"",""dataType"":""NUMBER""}",Margin * 'SYS05 FX Rates'.Rate to GBP[LOOKUP: 'SYS06 Region Attributes'.Currency],"{""summaryMethod"":""SUM"",""timeSummaryMethod"":""SUM"",""timeSummarySameAsMainSummary"":true}","Products, Regions",Month,Model Calendar,All,,36288,00.07%,,-,-,,,false,All Versions,,true,false,false,false,-,,CAL04 Margn
CAL05 Opex OLD,,,,"Cost Centres, Accounts",Month,Model Calendar,All,,70249536,,,,,Show All Users: On,,,,,,New Line Items: Off,,,,,
Actual,"{""minimumSignificantDigits"":4,""decimalPlaces"":-1,""decimalSeparator"":""FULL_STOP"",""groupingSeparator"":""COMMA"",""negativeNumberNotation"":""MINUS_SIGN"",""unitsType"":""NONE"",""unitsDisplayType"":""NONE"",""zeroFormat"":""ZERO"",""comparisonIncrease"":""GOOD"",""dataType"":""NUMBER""}",IF 'SYS01 Time Settings'.Actual? THEN 'DAT01 Actuals GL'.Amount ELSE 0,"{""summaryMethod"":""SUM"",""timeSummaryMethod"":""SUM"",""timeSummarySameAsMainSummary"":true}","Cost Centres, Accounts",Month,Model Calendar,All,,5017824,03.70%,,-,-,,,false,All Versions,,true,false,false,false,-,Opex,CAL05 Opex OLD
Rent Forecast,"{""minimumSignificantDigits"":4,""decimalPlaces"":-1,""decimalSeparator"":""FULL_STOP"",""groupingSeparator"":""COMMA"",""negativeNumberNotation"":""MINUS_SIGN"",""unitsType"":""NONE"",""unitsDisplayType"":""NONE"",""zeroFormat"":""ZERO"",""comparisonIncrease"":""GOOD"",""dataType"":""NUMBER""}",IF ITEM(Accounts) = Accounts.'6100 Rent' THEN 'INP02 Opex Drivers'.Rent ELSE 0,"{""summaryMethod"":""SUM"",""timeSummaryMethod"":""SUM"",""timeSummarySameAsMainSummary"":true}","Cost Centres, Accounts",Month,Model Calendar,All,,5017824,02.47%,,-,-,,,false,All Versions,,true,false,false,false,-,Forecast,CAL05 Opex OLD
Rates Forecast,"{""minimumSignificantDigits"":4,""decimalPlaces"":-1,""decimalSeparator"":""FULL_STOP"",""groupingSeparator"":""COMMA"",""negativeNumberNotation"":""MINUS_SIGN"",""unitsType"":""NONE"",""unitsDisplayType"":""NONE"",""zeroFormat"":""ZERO"",""comparisonIncrease"":""GOOD"",""dataType"":""NUMBER""}",IF ITEM(Accounts) = Accounts.'6110 Rates' THEN 'INP02 Opex Drivers'.Business Rates ELSE 0,"{""summaryMethod"":""SUM"",""timeSummaryMethod"":""SUM"",""timeSummarySameAsMainSummary"":true}","Cost Centres, Accounts",Month,Model Calendar,All,,5017824,02.47%,,-,-,,,false,All Versions,,true,false,false,false,-,Forecast,CAL05 Opex OLD
Utilities Forecast,"{""minimumSignificantDigits"":4,""decimalPlaces"":-1,""decimalSeparator"":""FULL_STOP"",""groupingSeparator"":""COMMA"",""negativeNumberNotation"":""MINUS_SIGN"",""unitsType"":""NONE"",""unitsDisplayType"":""NONE"",""zeroFormat"":""ZERO"",""comparisonIncrease"":""GOOD"",""dataType"":""NUMBER""}",IF ITEM(Accounts) = Accounts.'6120 Utilities' THEN 'INP02 Opex Drivers'.Utilities ELSE 0,"{""summaryMethod"":""SUM"",""timeSummaryMethod"":""SUM"",""timeSummarySameAsMainSummary"":true}","Cost Centres, Accounts",Month,Model Calendar,All,,5017824,02.47%,,-,-,,,false,All Versions,,true,false,false,false,-,Forecast,CAL05 Opex OLD
Travel Forecast,"{""minimumSignificantDigits"":4,""decimalPlaces"":-1,""decimalSeparator"":""FULL_STOP"",""groupingSeparator"":""COMMA"",""negativeNumberNotation"":""MINUS_SIGN"",""unitsType"":""NONE"",""unitsDisplayType"":""NONE"",""zeroFormat"":""ZERO"",""comparisonIncrease"":""GOOD"",""dataType"":""NUMBER""}",IF ITEM(Accounts) = Accounts.'6200 Travel' THEN 'INP02 Opex Drivers'.Travel ELSE 0,"{""summaryMethod"":""SUM"",""timeSummaryMethod"":""SUM"",""timeSummarySameAsMainSummary"":true}","Cost Centres, Accounts",Month,Model Calendar,All,,5017824,02.47%,,-,-,,,false,All Versions,,true,false,false,false,-,Forecast,CAL05 Opex OLD
Marketing Forecast,"{""minimumSignificantDigits"":4,""decimalPlaces"":-1,""decimalSeparator"":""FULL_STOP"",""groupingSeparator"":""COMMA"",""negativeNumberNotation"":""MINUS_SIGN"",""unitsType"":""NONE"",""unitsDisplayType"":""NONE"",""zeroFormat"":""ZERO"",""comparisonIncrease"":""GOOD"",""dataType"":""NUMBER""}",IF ITEM(Accounts) = Accounts.'6300 Marketing' THEN 'INP02 Opex Drivers'.Marketing Events ELSE 0,"{""summaryMethod"":""SUM"",""timeSummaryMethod"":""SUM"",""timeSummarySameAsMainSummary"":true}","Cost Centres, Accounts",Month,Model Calendar,All,,5017824,02.47%,,-,-,,,false,All Versions,,true,false,false,false,-,Forecast,CAL05 Opex OLD
Software Forecast,"{""minimumSignificantDigits"":4,""decimalPlaces"":-1,""decimalSeparator"":""FULL_STOP"",""groupingSeparator"":""COMMA"",""negativeNumberNotation"":""MINUS_SIGN"",""unitsType"":""NONE"",""unitsDisplayType"":""NONE"",""zeroFormat"":""ZERO"",""comparisonIncrease"":""GOOD"",""dataType"":""NUMBER""}",IF ITEM(Accounts) = Accounts.'6400 Software' THEN 'INP02 Opex Drivers'.Software Licences ELSE 0,"{""summaryMethod"":""SUM"",""timeSummaryMethod"":""SUM"",""timeSummarySameAsMainSummary"":true}","Cost Centres, Accounts",Month,Model Calendar,All,,5017824,02.47%,,-,-,,,false,All Versions,,true,false,false,false,-,Forecast,CAL05 Opex OLD
Fees Forecast,"{""minimumSignificantDigits"":4,""decimalPlaces"":-1,""decimalSeparator"":""FULL_STOP"",""groupingSeparator"":""COMMA"",""negativeNumberNotation"":""MINUS_SIGN"",""unitsType"":""NONE"",""unitsDisplayType"":""NONE"",""zeroFormat"":""ZERO"",""comparisonIncrease"":""GOOD"",""dataType"":""NUMBER""}",IF ITEM(Accounts) = Accounts.'6500 Professional Fees' THEN 'INP02 Opex Drivers'.Consultancy ELSE 0,"{""summaryMethod"":""SUM"",""timeSummaryMethod"":""SUM"",""timeSummarySameAsMainSummary"":true}","Cost Centres, Accounts",Month,Model Calendar,All,,5017824,02.47%,,-,-,,,false,All Versions,,true,false,false,false,-,Forecast,CAL05 Opex OLD
Other Forecast,"{""minimumSignificantDigits"":4,""decimalPlaces"":-1,""decimalSeparator"":""FULL_STOP"",""groupingSeparator"":""COMMA"",""negativeNumberNotation"":""MINUS_SIGN"",""unitsType"":""NONE"",""unitsDisplayType"":""NONE"",""zeroFormat"":""ZERO"",""comparisonIncrease"":""GOOD"",""dataType"":""NUMBER""}",IF ITEM(Accounts) = Accounts.'6900 Other' THEN 'INP02 Opex Drivers'.Other Opex ELSE 0,"{""summaryMethod"":""SUM"",""timeSummaryMethod"":""SUM"",""timeSummarySameAsMainSummary"":true}","Cost Centres, Accounts",Month,Model Calendar,All,,5017824,02.47%,,-,-,,,false,All Versions,,true,false,false,false,-,Forecast,CAL05 Opex OLD
Forecast,"{""minimumSignificantDigits"":4,""decimalPlaces"":-1,""decimalSeparator"":""FULL_STOP"",""groupingSeparator"":""COMMA"",""negativeNumberNotation"":""MINUS_SIGN"",""unitsType"":""NONE"",""unitsDisplayType"":""NONE"",""zeroFormat"":""ZERO"",""comparisonIncrease"":""GOOD"",""dataType"":""NUMBER""}",Rent Forecast + Rates Forecast + Utilities Forecast + Travel Forecast + Marketing Forecast + Software Forecast + Fees Forecast + Other Forecast,"{""summaryMethod"":""SUM"",""timeSummaryMethod"":""SUM"",""timeSummarySameAsMainSummary"":true}","Cost Centres, Accounts",Month,Model Calendar,All,,5017824,06.94%,,-,-,,,false,All Versions,,true,false,false,false,-,Opex,CAL05 Opex OLD
Opex,"{""minimumSignificantDigits"":4,""decimalPlaces"":-1,""decimalSeparator"":""FULL_STOP"",""groupingSeparator"":""COMMA"",""negativeNumberNotation"":""MINUS_SIGN"",""unitsType"":""NONE"",""unitsDisplayType"":""NONE"",""zeroFormat"":""ZERO"",""comparisonIncrease"":""GOOD"",""dataType"":""NUMBER""}",IF 'SYS01 Time Settings'.Actual? THEN Actual ELSE Forecast,"{""summaryMethod"":""SUM"",""timeSummaryMethod"":""SUM"",""timeSummarySameAsMainSummary"":true}","Cost Centres, Accounts",Month,Model Calendar,All,,5017824,04.94%,,-,-,,,false,All Versions,,true,false,false,false,-,Opex GBP,CAL05 Opex OLD
Opex GBP,"{""minimumSignificantDigits"":4,""decimalPlaces"":-1,""decimalSeparator"":""FULL_STOP"",""groupingSeparator"":""COMMA"",""negativeNumberNotation"":""MINUS_SIGN"",""unitsType"":""NONE"",""unitsDisplayType"":""NONE"",""zeroFormat"":""ZERO"",""comparisonIncrease"":""GOOD"",""dataType"":""NUMBER""}",Opex * 'SYS05 FX Rates'.Rate to GBP[LOOKUP: 'SYS02 Cost Centre Attributes'.Currency],"{""summaryMethod"":""SUM"",""timeSummaryMethod"":""SUM"",""timeSummarySameAsMainSummary"":true}","Cost Centres, Accounts",Month,Model Calendar,All,,5017824,09.26%,,-,-,,,false,All Versions,,true,false,false,false,-,"Opex Cumulative, Opex Run Rate",CAL05 Opex OLD
Opex Cumulative,"{""minimumSignificantDigits"":4,""decimalPlaces"":-1,""decimalSeparator"":""FULL_STOP"",""groupingSeparator"":""COMMA"",""negativeNumberNotation"":""MINUS_SIGN"",""unitsType"":""NONE"",""unitsDisplayType"":""NONE"",""zeroFormat"":""ZERO"",""comparisonIncrease"":""GOOD"",""dataType"":""NUMBER""}",CUMULATE(Opex GBP),"{""summaryMethod"":""SUM"",""timeSummaryMethod"":""SUM"",""timeSummarySameAsMainSummary"":true}","Cost Centres, Accounts",Month,Model Calendar,All,,5017824,03.09%,,-,-,,,false,All Versions,,true,false,false,false,-,,CAL05 Opex OLD
Opex Run Rate,"{""minimumSignificantDigits"":4,""decimalPlaces"":-1,""decimalSeparator"":""FULL_STOP"",""groupingSeparator"":""COMMA"",""negativeNumberNotation"":""MINUS_SIGN"",""unitsType"":""NONE"",""unitsDisplayType"":""NONE"",""zeroFormat"":""ZERO"",""comparisonIncrease"":""GOOD"",""dataType"":""NUMBER""}","MOVINGSUM(Opex GBP, -2, 0) / 3","{""summaryMethod"":""SUM"",""timeSummaryMethod"":""SUM"",""timeSummarySameAsMainSummary"":true}","Cost Centres, Accounts",Month,Model Calendar,All,,5017824,03.09%,,-,-,,,false,All Versions,,true,false,false,false,-,,CAL05 Opex OLD
CAL06 Department Summary,,,,Departments,Month,Model Calendar,All,,15552,,,,,Show All Users: On,,,,,,New Line Items: Off,,,,,
Revenue,"{""minimumSignificantDigits"":4,""decimalPlaces"":-1,""decimalSeparator"":""FULL_STOP"",""groupingSeparator"":""COMMA"",""negativeNumberNotation"":""MINUS_SIGN"",""unitsType"":""NONE"",""unitsDisplayType"":""NONE"",""zeroFormat"":""ZERO"",""comparisonIncrease"":""GOOD"",""dataType"":""NUMBER""}",'CAL07 P&L by Cost Centre'.Revenue[SUM: 'SYS02 Cost Centre Attributes'.Department],"{""summaryMethod"":""SUM"",""timeSummaryMethod"":""SUM"",""timeSummarySameAsMainSummary"":true}",Departments,Month,Model Calendar,All,,2592,00.00%,,-,-,,,false,All Versions,,true,false,false,false,-,,CAL06 Department Summary
Opex,"{""minimumSignificantDigits"":4,""decimalPlaces"":-1,""decimalSeparator"":""FULL_STOP"",""groupingSeparator"":""COMMA"",""negativeNumberNotation"":""MINUS_SIGN"",""unitsType"":""NONE"",""unitsDisplayType"":""NONE"",""zeroFormat"":""ZERO"",""comparisonIncrease"":""GOOD"",""dataType"":""NUMBER""}",'CAL07 P&L by Cost Centre'.Opex[SUM: 'SYS02 Cost Centre Attributes'.Department],"{""summaryMethod"":""SUM"",""timeSummaryMethod"":""SUM"",""timeSummarySameAsMainSummary"":true}",Departments,Month,Model Calendar,All,,2592,00.00%,,-,-,,,false,All Versions,,true,false,false,false,-,Cost per FTE,CAL06 Department Summary
Staff Cost,"{""minimumSignificantDigits"":4,""decimalPlaces"":-1,""decimalSeparator"":""FULL_STOP"",""groupingSeparator"":""COMMA"",""negativeNumberNotation"":""MINUS_SIGN"",""unitsType"":""NONE"",""unitsDisplayType"":""NONE"",""zeroFormat"":""ZERO"",""comparisonIncrease"":""GOOD"",""dataType"":""NUMBER""}",'CAL07 P&L by Cost Centre'.Staff Cost[SUM: 'SYS02 Cost Centre Attributes'.Department],"{""summaryMethod"":""SUM"",""timeSummaryMethod"":""SUM"",""timeSummarySameAsMainSummary"":true}",Departments,Month,Model Calendar,All,,2592,00.00%,,-,-,,,false,All Versions,,true,false,false,false,-,Cost per FTE,CAL06 Department Summary
FTE,"{""minimumSignificantDigits"":4,""decimalPlaces"":-1,""decimalSeparator"":""FULL_STOP"",""groupingSeparator"":""COMMA"",""negativeNumberNotation"":""MINUS_SIGN"",""unitsType"":""NONE"",""unitsDisplayType"":""NONE"",""zeroFormat"":""ZERO"",""comparisonIncrease"":""GOOD"",""dataType"":""NUMBER""}",'INP03 Headcount'.FTE[SUM: 'SYS02 Cost Centre Attributes'.Department],"{""summaryMethod"":""SUM"",""timeSummaryMethod"":""SUM"",""timeSummarySameAsMainSummary"":true}",Departments,Month,Model Calendar,All,,2592,00.00%,,-,-,,,false,All Versions,,true,false,false,false,-,Cost per FTE,CAL06 Department Summary
Benchmark Opex,"{""minimumSignificantDigits"":4,""decimalPlaces"":-1,""decimalSeparator"":""FULL_STOP"",""groupingSeparator"":""COMMA"",""negativeNumberNotation"":""MINUS_SIGN"",""unitsType"":""NONE"",""unitsDisplayType"":""NONE"",""zeroFormat"":""ZERO"",""comparisonIncrease"":""GOOD"",""dataType"":""NUMBER""}","'CAL03 Opex'.Opex GBP[SUM: 'SYS02 Cost Centre Attributes'.Department, LOOKUP: 'SYS09 Department Settings'.Benchmark Account]","{""summaryMethod"":""SUM"",""timeSummaryMethod"":""SUM"",""timeSummarySameAsMainSummary"":true}",Departments,Month,Model Calendar,All,,2592,00.00%,"temp fix for Q3 close, remove later",-,-,,,false,All Versions,,true,false,false,false,-,,CAL06 Department Summary
Cost per FTE,"{""minimumSignificantDigits"":4,""decimalPlaces"":-1,""decimalSeparator"":""FULL_STOP"",""groupingSeparator"":""COMMA"",""negativeNumberNotation"":""MINUS_SIGN"",""unitsType"":""NONE"",""unitsDisplayType"":""NONE"",""zeroFormat"":""ZERO"",""comparisonIncrease"":""GOOD"",""dataType"":""NUMBER""}","DIVIDE(Opex + Staff Cost, FTE)","{""summaryMethod"":""FORMULA"",""timeSummaryMethod"":""FORMULA"",""timeSummarySameAsMainSummary"":true}",Departments,Month,Model Calendar,All,,2592,00.00%,,-,-,,,false,All Versions,,true,false,false,false,-,,CAL06 Department Summary
SYS09 Department Settings,,,,Departments,Not Applicable,Not Applicable,Not Applicable,,54,,,,,Show All Users: On,,,,,,New Line Items: Off,,,,,
Benchmark Account,"{""hierarchyEntityLongId"":101000000526,""selectiveAccessApplied"":false,""showAll"":true,""dataType"":""ENTITY""}",,"{""summaryMethod"":""NONE"",""timeSummaryMethod"":""NONE"",""timeSummarySameAsMainSummary"":true}",Departments,Not Applicable,Not Applicable,Not Applicable,,18,,,-,-,,,false,-,,false,false,false,false,-,'CAL06 Department Summary'.Benchmark Opex,SYS09 Department Settings
Head of Department,"{""textType"":""GENERAL"",""dataType"":""TEXT""}",,"{""summaryMethod"":""NONE"",""timeSummaryMethod"":""NONE"",""timeSummarySameAsMainSummary"":true}",Departments,Not Applicable,Not Applicable,Not Applicable,,18,,,-,-,,,false,-,,false,false,false,false,-,,SYS09 Department Settings
Cost Centre Owner Approves?,"{""dataType"":""BOOLEAN""}",,"{""summaryMethod"":""NONE"",""timeSummaryMethod"":""NONE"",""timeSummarySameAsMainSummary"":true}",Departments,Not Applicable,Not Applicable,Not Applicable,,18,,,-,-,,,false,-,,false,false,false,false,-,,SYS09 Department Settings
CAL07 P&L by Cost Centre,,,,Cost Centres,Month,Model Calendar,All,,210672,,,,,Show All Users: On,,,,,,New Line Items: Off,,,,,
Revenue,"{""minimumSignificantDigits"":4,""decimalPlaces"":-1,""decimalSeparator"":""FULL_STOP"",""groupingSeparator"":""COMMA"",""negativeNumberNotation"":""MINUS_SIGN"",""unitsType"":""NONE"",""unitsDisplayType"":""NONE"",""zeroFormat"":""ZERO"",""comparisonIncrease"":""GOOD"",""dataType"":""NUMBER""}",'CAL02 Revenue'.Revenue GBP[SUM: 'SYS04 Product Attributes'.Revenue Cost Centre],"{""summaryMethod"":""SUM"",""timeSummaryMethod"":""SUM"",""timeSummarySameAsMainSummary"":true}",Cost Centres,Month,Model Calendar,All,,19152,00.03%,,-,-,,,false,All Versions,,true,false,false,false,-,"'CAL06 Department Summary'.Revenue, EBITDA Margin, Gross Margin, 'CAL08 Cash Flow'.Revenue, 'CAL11 Reporting Prep'.Revenue",CAL07 P&L by Cost Centre
COGS,"{""minimumSignificantDigits"":4,""decimalPlaces"":-1,""decimalSeparator"":""FULL_STOP"",""groupingSeparator"":""COMMA"",""negativeNumberNotation"":""MINUS_SIGN"",""unitsType"":""NONE"",""unitsDisplayType"":""NONE"",""zeroFormat"":""ZERO"",""comparisonIncrease"":""GOOD"",""dataType"":""NUMBER""}",'CAL04 Margn'.COGS[SUM: 'SYS04 Product Attributes'.Revenue Cost Centre],"{""summaryMethod"":""SUM"",""timeSummaryMethod"":""SUM"",""timeSummarySameAsMainSummary"":true}",Cost Centres,Month,Model Calendar,All,,19152,00.03%,,-,-,,,false,All Versions,,true,false,false,false,-,Gross Margin,CAL07 P&L by Cost Centre
Gross Margin,"{""minimumSignificantDigits"":4,""decimalPlaces"":-1,""decimalSeparator"":""FULL_STOP"",""groupingSeparator"":""COMMA"",""negativeNumberNotation"":""MINUS_SIGN"",""unitsType"":""NONE"",""unitsDisplayType"":""NONE"",""zeroFormat"":""ZERO"",""comparisonIncrease"":""GOOD"",""dataType"":""NUMBER""}",Revenue - COGS,"{""summaryMethod"":""SUM"",""timeSummaryMethod"":""SUM"",""timeSummarySameAsMainSummary"":true}",Cost Centres,Month,Model Calendar,All,,19152,00.01%,,-,-,,,false,All Versions,,true,false,false,false,-,EBITDA,CAL07 P&L by Cost Centre
Opex,"{""minimumSignificantDigits"":4,""decimalPlaces"":-1,""decimalSeparator"":""FULL_STOP"",""groupingSeparator"":""COMMA"",""negativeNumberNotation"":""MINUS_SIGN"",""unitsType"":""NONE"",""unitsDisplayType"":""NONE"",""zeroFormat"":""ZERO"",""comparisonIncrease"":""GOOD"",""dataType"":""NUMBER""}",'CAL03 Opex'.Opex GBP,"{""summaryMethod"":""SUM"",""timeSummaryMethod"":""SUM"",""timeSummarySameAsMainSummary"":true}",Cost Centres,Month,Model Calendar,All,,19152,00.01%,,-,-,,,false,All Versions,,true,false,false,false,-,"'CAL06 Department Summary'.Opex, EBITDA, Opex Budget, Opex Variance to Budget, 'CAL11 Reporting Prep'.Opex",CAL07 P&L by Cost Centre
Staff Cost,"{""minimumSignificantDigits"":4,""decimalPlaces"":-1,""decimalSeparator"":""FULL_STOP"",""groupingSeparator"":""COMMA"",""negativeNumberNotation"":""MINUS_SIGN"",""unitsType"":""NONE"",""unitsDisplayType"":""NONE"",""zeroFormat"":""ZERO"",""comparisonIncrease"":""GOOD"",""dataType"":""NUMBER""}",'INP03 Headcount'.Total Cost,"{""summaryMethod"":""SUM"",""timeSummaryMethod"":""SUM"",""timeSummarySameAsMainSummary"":true}",Cost Centres,Month,Model Calendar,All,,19152,00.01%,,-,-,,,false,All Versions,,true,false,false,false,-,"'CAL06 Department Summary'.Staff Cost, EBITDA, 'CAL11 Reporting Prep'.Staff Cost",CAL07 P&L by Cost Centre
EBITDA,"{""minimumSignificantDigits"":4,""decimalPlaces"":-1,""decimalSeparator"":""FULL_STOP"",""groupingSeparator"":""COMMA"",""negativeNumberNotation"":""MINUS_SIGN"",""unitsType"":""NONE"",""unitsDisplayType"":""NONE"",""zeroFormat"":""ZERO"",""comparisonIncrease"":""GOOD"",""dataType"":""NUMBER""}",Gross Margin - Opex - Staff Cost,"{""summaryMethod"":""SUM"",""timeSummaryMethod"":""SUM"",""timeSummarySameAsMainSummary"":true}",Cost Centres,Month,Model Calendar,All,,19152,00.01%,,-,-,,,false,All Versions,,true,false,false,false,-,"EBIT, EBITDA Margin, 'CAL08 Cash Flow'.EBITDA, 'CAL11 Reporting Prep'.EBITDA",CAL07 P&L by Cost Centre
Depreciation,"{""minimumSignificantDigits"":4,""decimalPlaces"":-1,""decimalSeparator"":""FULL_STOP"",""groupingSeparator"":""COMMA"",""negativeNumberNotation"":""MINUS_SIGN"",""unitsType"":""NONE"",""unitsDisplayType"":""NONE"",""zeroFormat"":""ZERO"",""comparisonIncrease"":""GOOD"",""dataType"":""NUMBER""}",'CAL10 Depreciation'.Charge,"{""summaryMethod"":""SUM"",""timeSummaryMethod"":""SUM"",""timeSummarySameAsMainSummary"":true}",Cost Centres,Month,Model Calendar,All,,19152,00.01%,,-,-,,,false,All Versions,,true,false,false,false,-,EBIT,CAL07 P&L by Cost Centre
EBIT,"{""minimumSignificantDigits"":4,""decimalPlaces"":-1,""decimalSeparator"":""FULL_STOP"",""groupingSeparator"":""COMMA"",""negativeNumberNotation"":""MINUS_SIGN"",""unitsType"":""NONE"",""unitsDisplayType"":""NONE"",""zeroFormat"":""ZERO"",""comparisonIncrease"":""GOOD"",""dataType"":""NUMBER""}",EBITDA - Depreciation,"{""summaryMethod"":""SUM"",""timeSummaryMethod"":""SUM"",""timeSummarySameAsMainSummary"":true}",Cost Centres,Month,Model Calendar,All,,19152,00.01%,,-,-,,,false,All Versions,,true,false,false,false,-,,CAL07 P&L by Cost Centre
EBITDA Margin,"{""minimumSignificantDigits"":4,""decimalPlaces"":1,""decimalSeparator"":""FULL_STOP"",""groupingSeparator"":""COMMA"",""negativeNumberNotation"":""MINUS_SIGN"",""unitsType"":""PERCENTAGE"",""unitsDisplayType"":""PERCENTAGE"",""zeroFormat"":""ZERO"",""comparisonIncrease"":""GOOD"",""dataType"":""NUMBER""}","DIVIDE(EBITDA, Revenue)","{""summaryMethod"":""FORMULA"",""timeSummaryMethod"":""FORMULA"",""timeSummarySameAsMainSummary"":true}",Cost Centres,Month,Model Calendar,All,,19152,00.01%,,-,-,,,false,All Versions,,true,false,false,false,-,,CAL07 P&L by Cost Centre
Opex Budget,"{""minimumSignificantDigits"":4,""decimalPlaces"":-1,""decimalSeparator"":""FULL_STOP"",""groupingSeparator"":""COMMA"",""negativeNumberNotation"":""MINUS_SIGN"",""unitsType"":""NONE"",""unitsDisplayType"":""NONE"",""zeroFormat"":""ZERO"",""comparisonIncrease"":""GOOD"",""dataType"":""NUMBER""}",Opex[SELECT: VERSIONS.Budget],"{""summaryMethod"":""SUM"",""timeSummaryMethod"":""SUM"",""timeSummarySameAsMainSummary"":true}",Cost Centres,Month,Model Calendar,All,,19152,00.01%,,-,-,,,false,All Versions,,true,false,false,false,-,Opex Variance to Budget,CAL07 P&L by Cost Centre
Opex Variance to Budget,"{""minimumSignificantDigits"":4,""decimalPlaces"":-1,""decimalSeparator"":""FULL_STOP"",""groupingSeparator"":""COMMA"",""negativeNumberNotation"":""MINUS_SIGN"",""unitsType"":""NONE"",""unitsDisplayType"":""NONE"",""zeroFormat"":""ZERO"",""comparisonIncrease"":""GOOD"",""dataType"":""NUMBER""}",Opex - Opex Budget,"{""summaryMethod"":""SUM"",""timeSummaryMethod"":""SUM"",""timeSummarySameAsMainSummary"":true}",Cost Centres,Month,Model Calendar,All,,19152,00.01%,,-,-,,,false,All Versions,,true,false,false,false,-,,CAL07 P&L by Cost Centre
CAL08 Cash Flow,,,,Legal Entities,Month,Model Calendar,All,,5760,,,,,Show All Users: On,,,,,,New Line Items: Off,,,,,
EBITDA,"{""minimumSignificantDigits"":4,""decimalPlaces"":-1,""decimalSeparator"":""FULL_STOP"",""groupingSeparator"":""COMMA"",""negativeNumberNotation"":""MINUS_SIGN"",""unitsType"":""NONE"",""unitsDisplayType"":""NONE"",""zeroFormat"":""ZERO"",""comparisonIncrease"":""GOOD"",""dataType"":""NUMBER""}",'CAL07 P&L by Cost Centre'.EBITDA[SUM: 'SYS02 Cost Centre Attributes'.Legal Entity],"{""summaryMethod"":""SUM"",""timeSummaryMethod"":""SUM"",""timeSummarySameAsMainSummary"":true}",Legal Entities,Month,Model Calendar,All,,576,00.00%,,-,-,,,false,All Versions,,true,false,false,false,-,"Net Cash Flow, Tax",CAL08 Cash Flow
Revenue,"{""minimumSignificantDigits"":4,""decimalPlaces"":-1,""decimalSeparator"":""FULL_STOP"",""groupingSeparator"":""COMMA"",""negativeNumberNotation"":""MINUS_SIGN"",""unitsType"":""NONE"",""unitsDisplayType"":""NONE"",""zeroFormat"":""ZERO"",""comparisonIncrease"":""GOOD"",""dataType"":""NUMBER""}",'CAL07 P&L by Cost Centre'.Revenue[SUM: 'SYS02 Cost Centre Attributes'.Legal Entity],"{""summaryMethod"":""SUM"",""timeSummaryMethod"":""SUM"",""timeSummarySameAsMainSummary"":true}",Legal Entities,Month,Model Calendar,All,,576,00.00%,,-,-,,,false,All Versions,,true,false,false,false,-,Debtors,CAL08 Cash Flow
Debtors,"{""minimumSignificantDigits"":4,""decimalPlaces"":-1,""decimalSeparator"":""FULL_STOP"",""groupingSeparator"":""COMMA"",""negativeNumberNotation"":""MINUS_SIGN"",""unitsType"":""NONE"",""unitsDisplayType"":""NONE"",""zeroFormat"":""ZERO"",""comparisonIncrease"":""GOOD"",""dataType"":""NUMBER""}",Revenue * 'INP05 Balance Sheet Drivers'.Debtor Days / 30,"{""summaryMethod"":""SUM"",""timeSummaryMethod"":""SUM"",""timeSummarySameAsMainSummary"":true}",Legal Entities,Month,Model Calendar,All,,576,00.00%,,-,-,,,false,All Versions,,true,false,false,false,-,Working Capital Movement,CAL08 Cash Flow
Working Capital Movement,"{""minimumSignificantDigits"":4,""decimalPlaces"":-1,""decimalSeparator"":""FULL_STOP"",""groupingSeparator"":""COMMA"",""negativeNumberNotation"":""MINUS_SIGN"",""unitsType"":""NONE"",""unitsDisplayType"":""NONE"",""zeroFormat"":""ZERO"",""comparisonIncrease"":""GOOD"",""dataType"":""NUMBER""}",Debtors - PREVIOUS(Debtors),"{""summaryMethod"":""SUM"",""timeSummaryMethod"":""SUM"",""timeSummarySameAsMainSummary"":true}",Legal Entities,Month,Model Calendar,All,,576,00.00%,,-,-,,,false,All Versions,,true,false,false,false,-,Net Cash Flow,CAL08 Cash Flow
Tax,"{""minimumSignificantDigits"":4,""decimalPlaces"":-1,""decimalSeparator"":""FULL_STOP"",""groupingSeparator"":""COMMA"",""negativeNumberNotation"":""MINUS_SIGN"",""unitsType"":""NONE"",""unitsDisplayType"":""NONE"",""zeroFormat"":""ZERO"",""comparisonIncrease"":""GOOD"",""dataType"":""NUMBER""}",IF EBITDA > 0 THEN EBITDA * 0.25 ELSE 0,"{""summaryMethod"":""SUM"",""timeSummaryMethod"":""SUM"",""timeSummarySameAsMainSummary"":true}",Legal Entities,Month,Model Calendar,All,,576,00.00%,,-,-,,,false,All Versions,,true,false,false,false,-,Net Cash Flow,CAL08 Cash Flow
Capex,"{""minimumSignificantDigits"":4,""decimalPlaces"":-1,""decimalSeparator"":""FULL_STOP"",""groupingSeparator"":""COMMA"",""negativeNumberNotation"":""MINUS_SIGN"",""unitsType"":""NONE"",""unitsDisplayType"":""NONE"",""zeroFormat"":""ZERO"",""comparisonIncrease"":""GOOD"",""dataType"":""NUMBER""}",'INP04 Capex'.Capex Spend[SUM: 'SYS02 Cost Centre Attributes'.Legal Entity],"{""summaryMethod"":""SUM"",""timeSummaryMethod"":""SUM"",""timeSummarySameAsMainSummary"":true}",Legal Entities,Month,Model Calendar,All,,576,00.00%,,-,-,,,false,All Versions,,true,false,false,false,-,Net Cash Flow,CAL08 Cash Flow
Net Cash Flow,"{""minimumSignificantDigits"":4,""decimalPlaces"":-1,""decimalSeparator"":""FULL_STOP"",""groupingSeparator"":""COMMA"",""negativeNumberNotation"":""MINUS_SIGN"",""unitsType"":""NONE"",""unitsDisplayType"":""NONE"",""zeroFormat"":""ZERO"",""comparisonIncrease"":""GOOD"",""dataType"":""NUMBER""}",EBITDA - Tax - Capex - Working Capital Movement,"{""summaryMethod"":""SUM"",""timeSummaryMethod"":""SUM"",""timeSummarySameAsMainSummary"":true}",Legal Entities,Month,Model Calendar,All,,576,00.00%,,-,-,,,false,All Versions,,true,false,false,false,-,Closing Cash,CAL08 Cash Flow
Opening Cash,"{""minimumSignificantDigits"":4,""decimalPlaces"":-1,""decimalSeparator"":""FULL_STOP"",""groupingSeparator"":""COMMA"",""negativeNumberNotation"":""MINUS_SIGN"",""unitsType"":""NONE"",""unitsDisplayType"":""NONE"",""zeroFormat"":""ZERO"",""comparisonIncrease"":""GOOD"",""dataType"":""NUMBER""}",IF 'SYS01 Time Settings'.First Period? THEN 'INP05 Balance Sheet Drivers'.Opening Cash Balance ELSE PREVIOUS(Closing Cash),"{""summaryMethod"":""NONE"",""timeSummaryMethod"":""NONE"",""timeSummarySameAsMainSummary"":true}",Legal Entities,Month,Model Calendar,All,,576,00.00%,,-,-,,,false,All Versions,,true,false,false,false,-,Closing Cash,CAL08 Cash Flow
Closing Cash,"{""minimumSignificantDigits"":4,""decimalPlaces"":-1,""decimalSeparator"":""FULL_STOP"",""groupingSeparator"":""COMMA"",""negativeNumberNotation"":""MINUS_SIGN"",""unitsType"":""NONE"",""unitsDisplayType"":""NONE"",""zeroFormat"":""ZERO"",""comparisonIncrease"":""GOOD"",""dataType"":""NUMBER""}",Opening Cash + Net Cash Flow,"{""summaryMethod"":""SUM"",""timeSummaryMethod"":""CLOSING_BALANCE"",""timeSummarySameAsMainSummary"":false}",Legal Entities,Month,Model Calendar,All,,576,00.00%,,-,-,,,false,All Versions,,true,false,false,false,-,"Cash Negative?, Opening Cash",CAL08 Cash Flow
Cash Negative?,"{""dataType"":""BOOLEAN""}",Closing Cash < 0,"{""summaryMethod"":""ANY"",""timeSummaryMethod"":""ANY"",""timeSummarySameAsMainSummary"":true}",Legal Entities,Month,Model Calendar,All,,576,00.00%,,-,-,,,false,All Versions,,true,false,false,false,-,,CAL08 Cash Flow
CAL09 Scenario Planning,,,,Scenarios,Month,Model Calendar,All,,0,,,,,Show All Users: On,,,,,,New Line Items: Off,,,,,
CAL10 Depreciation,,,,Cost Centres,Month,Model Calendar,All,,38304,,,,,Show All Users: On,,,,,,New Line Items: Off,,,,,
Charge,"{""minimumSignificantDigits"":4,""decimalPlaces"":-1,""decimalSeparator"":""FULL_STOP"",""groupingSeparator"":""COMMA"",""negativeNumberNotation"":""MINUS_SIGN"",""unitsType"":""NONE"",""unitsDisplayType"":""NONE"",""zeroFormat"":""ZERO"",""comparisonIncrease"":""GOOD"",""dataType"":""NUMBER""}","IF ISBLANK('INP04 Capex'.Asset Class) THEN 0 ELSE IF 'INP04 Capex'.Useful Life Years = 3 THEN MOVINGSUM('INP04 Capex'.Capex Spend, -35, 0) / 36 ELSE IF 'INP04 Capex'.Useful Life Years = 5 THEN MOVINGSUM('INP04 Capex'.Capex Spend, -59, 0) / 60 ELSE IF 'INP04 Capex'.Useful Life Years = 7 THEN MOVINGSUM('INP04 Capex'.Capex Spend, -83, 0) / 84 ELSE IF 'INP04 Capex'.Useful Life Years = 10 THEN MOVINGSUM('INP04 Capex'.Capex Spend, -119, 0) / 120 ELSE IF 'INP04 Capex'.Useful Life Years > 10 THEN MOVINGSUM('INP04 Capex'.Capex Spend, -239, 0) / 240 ELSE 'INP04 Capex'.Capex Spend / 12","{""summaryMethod"":""SUM"",""timeSummaryMethod"":""SUM"",""timeSummarySameAsMainSummary"":true}",Cost Centres,Month,Model Calendar,All,,19152,00.04%,"DO NOT TOUCH. Reconciles to the fixed asset register to the pound. Built by Priya, 2020.",-,-,,,false,All Versions,,true,false,false,false,-,"'CAL07 P&L by Cost Centre'.Depreciation, NBV, 'OUT01 Management Pack'.Depreciation",CAL10 Depreciation
NBV,"{""minimumSignificantDigits"":4,""decimalPlaces"":-1,""decimalSeparator"":""FULL_STOP"",""groupingSeparator"":""COMMA"",""negativeNumberNotation"":""MINUS_SIGN"",""unitsType"":""NONE"",""unitsDisplayType"":""NONE"",""zeroFormat"":""ZERO"",""comparisonIncrease"":""GOOD"",""dataType"":""NUMBER""}",CUMULATE('INP04 Capex'.Capex Spend) - CUMULATE(Charge),"{""summaryMethod"":""SUM"",""timeSummaryMethod"":""CLOSING_BALANCE"",""timeSummarySameAsMainSummary"":false}",Cost Centres,Month,Model Calendar,All,,19152,00.02%,,-,-,,,false,All Versions,,true,false,false,false,-,,CAL10 Depreciation
CAL11 Reporting Prep,,,,Cost Centres,Month,Model Calendar,All,,95760,,,,,Show All Users: On,,,,,,New Line Items: Off,,,,,
Revenue,"{""minimumSignificantDigits"":4,""decimalPlaces"":-1,""decimalSeparator"":""FULL_STOP"",""groupingSeparator"":""COMMA"",""negativeNumberNotation"":""MINUS_SIGN"",""unitsType"":""NONE"",""unitsDisplayType"":""NONE"",""zeroFormat"":""ZERO"",""comparisonIncrease"":""GOOD"",""dataType"":""NUMBER""}",'CAL07 P&L by Cost Centre'.Revenue,"{""summaryMethod"":""SUM"",""timeSummaryMethod"":""SUM"",""timeSummarySameAsMainSummary"":true}",Cost Centres,Month,Model Calendar,All,,19152,00.01%,,-,-,,,false,All Versions,,true,false,false,false,-,'OUT01 Management Pack'.Revenue,CAL11 Reporting Prep
EBITDA,"{""minimumSignificantDigits"":4,""decimalPlaces"":-1,""decimalSeparator"":""FULL_STOP"",""groupingSeparator"":""COMMA"",""negativeNumberNotation"":""MINUS_SIGN"",""unitsType"":""NONE"",""unitsDisplayType"":""NONE"",""zeroFormat"":""ZERO"",""comparisonIncrease"":""GOOD"",""dataType"":""NUMBER""}",'CAL07 P&L by Cost Centre'.EBITDA,"{""summaryMethod"":""SUM"",""timeSummaryMethod"":""SUM"",""timeSummarySameAsMainSummary"":true}",Cost Centres,Month,Model Calendar,All,,19152,00.01%,,-,-,,,false,All Versions,,true,false,false,false,-,'OUT01 Management Pack'.EBITDA,CAL11 Reporting Prep
Opex,"{""minimumSignificantDigits"":4,""decimalPlaces"":-1,""decimalSeparator"":""FULL_STOP"",""groupingSeparator"":""COMMA"",""negativeNumberNotation"":""MINUS_SIGN"",""unitsType"":""NONE"",""unitsDisplayType"":""NONE"",""zeroFormat"":""ZERO"",""comparisonIncrease"":""GOOD"",""dataType"":""NUMBER""}",'CAL07 P&L by Cost Centre'.Opex,"{""summaryMethod"":""SUM"",""timeSummaryMethod"":""SUM"",""timeSummarySameAsMainSummary"":true}",Cost Centres,Month,Model Calendar,All,,19152,00.01%,,-,-,,,false,All Versions,,true,false,false,false,-,"Total Cost, 'OUT01 Management Pack'.Opex",CAL11 Reporting Prep
Staff Cost,"{""minimumSignificantDigits"":4,""decimalPlaces"":-1,""decimalSeparator"":""FULL_STOP"",""groupingSeparator"":""COMMA"",""negativeNumberNotation"":""MINUS_SIGN"",""unitsType"":""NONE"",""unitsDisplayType"":""NONE"",""zeroFormat"":""ZERO"",""comparisonIncrease"":""GOOD"",""dataType"":""NUMBER""}",'CAL07 P&L by Cost Centre'.Staff Cost,"{""summaryMethod"":""SUM"",""timeSummaryMethod"":""SUM"",""timeSummarySameAsMainSummary"":true}",Cost Centres,Month,Model Calendar,All,,19152,00.01%,,-,-,,,false,All Versions,,true,false,false,false,-,"Total Cost, 'OUT01 Management Pack'.Staff Cost",CAL11 Reporting Prep
Total Cost,"{""minimumSignificantDigits"":4,""decimalPlaces"":-1,""decimalSeparator"":""FULL_STOP"",""groupingSeparator"":""COMMA"",""negativeNumberNotation"":""MINUS_SIGN"",""unitsType"":""NONE"",""unitsDisplayType"":""NONE"",""zeroFormat"":""ZERO"",""comparisonIncrease"":""GOOD"",""dataType"":""NUMBER""}",Opex + Staff Cost,"{""summaryMethod"":""SUM"",""timeSummaryMethod"":""SUM"",""timeSummarySameAsMainSummary"":true}",Cost Centres,Month,Model Calendar,All,,19152,00.01%,,-,-,,,false,All Versions,,true,false,false,false,-,'OUT01 Management Pack'.Total Cost,CAL11 Reporting Prep
CAL12 Driver Phasing,,,,Cost Centres,Month,Model Calendar,All,,593712,,,,,Show All Users: On,,,,,,New Line Items: Off,,,,,
Rent Phased,"{""minimumSignificantDigits"":4,""decimalPlaces"":-1,""decimalSeparator"":""FULL_STOP"",""groupingSeparator"":""COMMA"",""negativeNumberNotation"":""MINUS_SIGN"",""unitsType"":""NONE"",""unitsDisplayType"":""NONE"",""zeroFormat"":""ZERO"",""comparisonIncrease"":""GOOD"",""dataType"":""NUMBER""}",IF 'SYS01 Time Settings'.Actual? THEN 0 ELSE 'INP02 Opex Drivers'.Rent,"{""summaryMethod"":""SUM"",""timeSummaryMethod"":""SUM"",""timeSummarySameAsMainSummary"":true}",Cost Centres,Month,Model Calendar,All,,19152,00.01%,,-,-,,,false,All Versions,,true,false,false,false,-,Total Phased,CAL12 Driver Phasing
Business Rates Phased,"{""minimumSignificantDigits"":4,""decimalPlaces"":-1,""decimalSeparator"":""FULL_STOP"",""groupingSeparator"":""COMMA"",""negativeNumberNotation"":""MINUS_SIGN"",""unitsType"":""NONE"",""unitsDisplayType"":""NONE"",""zeroFormat"":""ZERO"",""comparisonIncrease"":""GOOD"",""dataType"":""NUMBER""}",IF 'SYS01 Time Settings'.Actual? THEN 0 ELSE 'INP02 Opex Drivers'.Business Rates,"{""summaryMethod"":""SUM"",""timeSummaryMethod"":""SUM"",""timeSummarySameAsMainSummary"":true}",Cost Centres,Month,Model Calendar,All,,19152,00.01%,,-,-,,,false,All Versions,,true,false,false,false,-,Total Phased,CAL12 Driver Phasing
Utilities Phased,"{""minimumSignificantDigits"":4,""decimalPlaces"":-1,""decimalSeparator"":""FULL_STOP"",""groupingSeparator"":""COMMA"",""negativeNumberNotation"":""MINUS_SIGN"",""unitsType"":""NONE"",""unitsDisplayType"":""NONE"",""zeroFormat"":""ZERO"",""comparisonIncrease"":""GOOD"",""dataType"":""NUMBER""}",IF 'SYS01 Time Settings'.Actual? THEN 0 ELSE 'INP02 Opex Drivers'.Utilities,"{""summaryMethod"":""SUM"",""timeSummaryMethod"":""SUM"",""timeSummarySameAsMainSummary"":true}",Cost Centres,Month,Model Calendar,All,,19152,00.01%,,-,-,,,false,All Versions,,true,false,false,false,-,Total Phased,CAL12 Driver Phasing
Cleaning Phased,"{""minimumSignificantDigits"":4,""decimalPlaces"":-1,""decimalSeparator"":""FULL_STOP"",""groupingSeparator"":""COMMA"",""negativeNumberNotation"":""MINUS_SIGN"",""unitsType"":""NONE"",""unitsDisplayType"":""NONE"",""zeroFormat"":""ZERO"",""comparisonIncrease"":""GOOD"",""dataType"":""NUMBER""}",IF 'SYS01 Time Settings'.Actual? THEN 0 ELSE 'INP02 Opex Drivers'.Cleaning,"{""summaryMethod"":""SUM"",""timeSummaryMethod"":""SUM"",""timeSummarySameAsMainSummary"":true}",Cost Centres,Month,Model Calendar,All,,19152,00.01%,,-,-,,,false,All Versions,,true,false,false,false,-,Total Phased,CAL12 Driver Phasing
Security Phased,"{""minimumSignificantDigits"":4,""decimalPlaces"":-1,""decimalSeparator"":""FULL_STOP"",""groupingSeparator"":""COMMA"",""negativeNumberNotation"":""MINUS_SIGN"",""unitsType"":""NONE"",""unitsDisplayType"":""NONE"",""zeroFormat"":""ZERO"",""comparisonIncrease"":""GOOD"",""dataType"":""NUMBER""}",IF 'SYS01 Time Settings'.Actual? THEN 0 ELSE 'INP02 Opex Drivers'.Security,"{""summaryMethod"":""SUM"",""timeSummaryMethod"":""SUM"",""timeSummarySameAsMainSummary"":true}",Cost Centres,Month,Model Calendar,All,,19152,00.01%,,-,-,,,false,All Versions,,true,false,false,false,-,Total Phased,CAL12 Driver Phasing
Insurance Phased,"{""minimumSignificantDigits"":4,""decimalPlaces"":-1,""decimalSeparator"":""FULL_STOP"",""groupingSeparator"":""COMMA"",""negativeNumberNotation"":""MINUS_SIGN"",""unitsType"":""NONE"",""unitsDisplayType"":""NONE"",""zeroFormat"":""ZERO"",""comparisonIncrease"":""GOOD"",""dataType"":""NUMBER""}",IF 'SYS01 Time Settings'.Actual? THEN 0 ELSE 'INP02 Opex Drivers'.Insurance,"{""summaryMethod"":""SUM"",""timeSummaryMethod"":""SUM"",""timeSummarySameAsMainSummary"":true}",Cost Centres,Month,Model Calendar,All,,19152,00.01%,,-,-,,,false,All Versions,,true,false,false,false,-,Total Phased,CAL12 Driver Phasing
Travel Phased,"{""minimumSignificantDigits"":4,""decimalPlaces"":-1,""decimalSeparator"":""FULL_STOP"",""groupingSeparator"":""COMMA"",""negativeNumberNotation"":""MINUS_SIGN"",""unitsType"":""NONE"",""unitsDisplayType"":""NONE"",""zeroFormat"":""ZERO"",""comparisonIncrease"":""GOOD"",""dataType"":""NUMBER""}",IF 'SYS01 Time Settings'.Actual? THEN 0 ELSE 'INP02 Opex Drivers'.Travel,"{""summaryMethod"":""SUM"",""timeSummaryMethod"":""SUM"",""timeSummarySameAsMainSummary"":true}",Cost Centres,Month,Model Calendar,All,,19152,00.01%,,-,-,,,false,All Versions,,true,false,false,false,-,Total Phased,CAL12 Driver Phasing
Subsistence Phased,"{""minimumSignificantDigits"":4,""decimalPlaces"":-1,""decimalSeparator"":""FULL_STOP"",""groupingSeparator"":""COMMA"",""negativeNumberNotation"":""MINUS_SIGN"",""unitsType"":""NONE"",""unitsDisplayType"":""NONE"",""zeroFormat"":""ZERO"",""comparisonIncrease"":""GOOD"",""dataType"":""NUMBER""}",IF 'SYS01 Time Settings'.Actual? THEN 0 ELSE 'INP02 Opex Drivers'.Subsistence,"{""summaryMethod"":""SUM"",""timeSummaryMethod"":""SUM"",""timeSummarySameAsMainSummary"":true}",Cost Centres,Month,Model Calendar,All,,19152,00.01%,,-,-,,,false,All Versions,,true,false,false,false,-,Total Phased,CAL12 Driver Phasing
Mileage Phased,"{""minimumSignificantDigits"":4,""decimalPlaces"":-1,""decimalSeparator"":""FULL_STOP"",""groupingSeparator"":""COMMA"",""negativeNumberNotation"":""MINUS_SIGN"",""unitsType"":""NONE"",""unitsDisplayType"":""NONE"",""zeroFormat"":""ZERO"",""comparisonIncrease"":""GOOD"",""dataType"":""NUMBER""}",IF 'SYS01 Time Settings'.Actual? THEN 0 ELSE 'INP02 Opex Drivers'.Mileage,"{""summaryMethod"":""SUM"",""timeSummaryMethod"":""SUM"",""timeSummarySameAsMainSummary"":true}",Cost Centres,Month,Model Calendar,All,,19152,00.01%,,-,-,,,false,All Versions,,true,false,false,false,-,Total Phased,CAL12 Driver Phasing
Hotels Phased,"{""minimumSignificantDigits"":4,""decimalPlaces"":-1,""decimalSeparator"":""FULL_STOP"",""groupingSeparator"":""COMMA"",""negativeNumberNotation"":""MINUS_SIGN"",""unitsType"":""NONE"",""unitsDisplayType"":""NONE"",""zeroFormat"":""ZERO"",""comparisonIncrease"":""GOOD"",""dataType"":""NUMBER""}",IF 'SYS01 Time Settings'.Actual? THEN 0 ELSE 'INP02 Opex Drivers'.Hotels,"{""summaryMethod"":""SUM"",""timeSummaryMethod"":""SUM"",""timeSummarySameAsMainSummary"":true}",Cost Centres,Month,Model Calendar,All,,19152,00.01%,,-,-,,,false,All Versions,,true,false,false,false,-,Total Phased,CAL12 Driver Phasing
Marketing Events Phased,"{""minimumSignificantDigits"":4,""decimalPlaces"":-1,""decimalSeparator"":""FULL_STOP"",""groupingSeparator"":""COMMA"",""negativeNumberNotation"":""MINUS_SIGN"",""unitsType"":""NONE"",""unitsDisplayType"":""NONE"",""zeroFormat"":""ZERO"",""comparisonIncrease"":""GOOD"",""dataType"":""NUMBER""}",IF 'SYS01 Time Settings'.Actual? THEN 0 ELSE 'INP02 Opex Drivers'.Marketing Events,"{""summaryMethod"":""SUM"",""timeSummaryMethod"":""SUM"",""timeSummarySameAsMainSummary"":true}",Cost Centres,Month,Model Calendar,All,,19152,00.01%,,-,-,,,false,All Versions,,true,false,false,false,-,Total Phased,CAL12 Driver Phasing
Marketing Digital Phased,"{""minimumSignificantDigits"":4,""decimalPlaces"":-1,""decimalSeparator"":""FULL_STOP"",""groupingSeparator"":""COMMA"",""negativeNumberNotation"":""MINUS_SIGN"",""unitsType"":""NONE"",""unitsDisplayType"":""NONE"",""zeroFormat"":""ZERO"",""comparisonIncrease"":""GOOD"",""dataType"":""NUMBER""}",IF 'SYS01 Time Settings'.Actual? THEN 0 ELSE 'INP02 Opex Drivers'.Marketing Digital,"{""summaryMethod"":""SUM"",""timeSummaryMethod"":""SUM"",""timeSummarySameAsMainSummary"":true}",Cost Centres,Month,Model Calendar,All,,19152,00.01%,,-,-,,,false,All Versions,,true,false,false,false,-,Total Phased,CAL12 Driver Phasing
Marketing Print Phased,"{""minimumSignificantDigits"":4,""decimalPlaces"":-1,""decimalSeparator"":""FULL_STOP"",""groupingSeparator"":""COMMA"",""negativeNumberNotation"":""MINUS_SIGN"",""unitsType"":""NONE"",""unitsDisplayType"":""NONE"",""zeroFormat"":""ZERO"",""comparisonIncrease"":""GOOD"",""dataType"":""NUMBER""}",IF 'SYS01 Time Settings'.Actual? THEN 0 ELSE 'INP02 Opex Drivers'.Marketing Print,"{""summaryMethod"":""SUM"",""timeSummaryMethod"":""SUM"",""timeSummarySameAsMainSummary"":true}",Cost Centres,Month,Model Calendar,All,,19152,00.01%,,-,-,,,false,All Versions,,true,false,false,false,-,Total Phased,CAL12 Driver Phasing
Agency Fees Phased,"{""minimumSignificantDigits"":4,""decimalPlaces"":-1,""decimalSeparator"":""FULL_STOP"",""groupingSeparator"":""COMMA"",""negativeNumberNotation"":""MINUS_SIGN"",""unitsType"":""NONE"",""unitsDisplayType"":""NONE"",""zeroFormat"":""ZERO"",""comparisonIncrease"":""GOOD"",""dataType"":""NUMBER""}",IF 'SYS01 Time Settings'.Actual? THEN 0 ELSE 'INP02 Opex Drivers'.Agency Fees,"{""summaryMethod"":""SUM"",""timeSummaryMethod"":""SUM"",""timeSummarySameAsMainSummary"":true}",Cost Centres,Month,Model Calendar,All,,19152,00.01%,,-,-,,,false,All Versions,,true,false,false,false,-,Total Phased,CAL12 Driver Phasing
Software Licences Phased,"{""minimumSignificantDigits"":4,""decimalPlaces"":-1,""decimalSeparator"":""FULL_STOP"",""groupingSeparator"":""COMMA"",""negativeNumberNotation"":""MINUS_SIGN"",""unitsType"":""NONE"",""unitsDisplayType"":""NONE"",""zeroFormat"":""ZERO"",""comparisonIncrease"":""GOOD"",""dataType"":""NUMBER""}",IF 'SYS01 Time Settings'.Actual? THEN 0 ELSE 'INP02 Opex Drivers'.Software Licences,"{""summaryMethod"":""SUM"",""timeSummaryMethod"":""SUM"",""timeSummarySameAsMainSummary"":true}",Cost Centres,Month,Model Calendar,All,,19152,00.01%,,-,-,,,false,All Versions,,true,false,false,false,-,Total Phased,CAL12 Driver Phasing
Software Support Phased,"{""minimumSignificantDigits"":4,""decimalPlaces"":-1,""decimalSeparator"":""FULL_STOP"",""groupingSeparator"":""COMMA"",""negativeNumberNotation"":""MINUS_SIGN"",""unitsType"":""NONE"",""unitsDisplayType"":""NONE"",""zeroFormat"":""ZERO"",""comparisonIncrease"":""GOOD"",""dataType"":""NUMBER""}",IF 'SYS01 Time Settings'.Actual? THEN 0 ELSE 'INP02 Opex Drivers'.Software Support,"{""summaryMethod"":""SUM"",""timeSummaryMethod"":""SUM"",""timeSummarySameAsMainSummary"":true}",Cost Centres,Month,Model Calendar,All,,19152,00.01%,,-,-,,,false,All Versions,,true,false,false,false,-,Total Phased,CAL12 Driver Phasing
Hardware Phased,"{""minimumSignificantDigits"":4,""decimalPlaces"":-1,""decimalSeparator"":""FULL_STOP"",""groupingSeparator"":""COMMA"",""negativeNumberNotation"":""MINUS_SIGN"",""unitsType"":""NONE"",""unitsDisplayType"":""NONE"",""zeroFormat"":""ZERO"",""comparisonIncrease"":""GOOD"",""dataType"":""NUMBER""}",IF 'SYS01 Time Settings'.Actual? THEN 0 ELSE 'INP02 Opex Drivers'.Hardware,"{""summaryMethod"":""SUM"",""timeSummaryMethod"":""SUM"",""timeSummarySameAsMainSummary"":true}",Cost Centres,Month,Model Calendar,All,,19152,00.01%,,-,-,,,false,All Versions,,true,false,false,false,-,Total Phased,CAL12 Driver Phasing
Telecoms Phased,"{""minimumSignificantDigits"":4,""decimalPlaces"":-1,""decimalSeparator"":""FULL_STOP"",""groupingSeparator"":""COMMA"",""negativeNumberNotation"":""MINUS_SIGN"",""unitsType"":""NONE"",""unitsDisplayType"":""NONE"",""zeroFormat"":""ZERO"",""comparisonIncrease"":""GOOD"",""dataType"":""NUMBER""}",IF 'SYS01 Time Settings'.Actual? THEN 0 ELSE 'INP02 Opex Drivers'.Telecoms,"{""summaryMethod"":""SUM"",""timeSummaryMethod"":""SUM"",""timeSummarySameAsMainSummary"":true}",Cost Centres,Month,Model Calendar,All,,19152,00.01%,,-,-,,,false,All Versions,,true,false,false,false,-,Total Phased,CAL12 Driver Phasing
Mobile Phased,"{""minimumSignificantDigits"":4,""decimalPlaces"":-1,""decimalSeparator"":""FULL_STOP"",""groupingSeparator"":""COMMA"",""negativeNumberNotation"":""MINUS_SIGN"",""unitsType"":""NONE"",""unitsDisplayType"":""NONE"",""zeroFormat"":""ZERO"",""comparisonIncrease"":""GOOD"",""dataType"":""NUMBER""}",IF 'SYS01 Time Settings'.Actual? THEN 0 ELSE 'INP02 Opex Drivers'.Mobile,"{""summaryMethod"":""SUM"",""timeSummaryMethod"":""SUM"",""timeSummarySameAsMainSummary"":true}",Cost Centres,Month,Model Calendar,All,,19152,00.01%,,-,-,,,false,All Versions,,true,false,false,false,-,Total Phased,CAL12 Driver Phasing
Postage Phased,"{""minimumSignificantDigits"":4,""decimalPlaces"":-1,""decimalSeparator"":""FULL_STOP"",""groupingSeparator"":""COMMA"",""negativeNumberNotation"":""MINUS_SIGN"",""unitsType"":""NONE"",""unitsDisplayType"":""NONE"",""zeroFormat"":""ZERO"",""comparisonIncrease"":""GOOD"",""dataType"":""NUMBER""}",IF 'SYS01 Time Settings'.Actual? THEN 0 ELSE 'INP02 Opex Drivers'.Postage,"{""summaryMethod"":""SUM"",""timeSummaryMethod"":""SUM"",""timeSummarySameAsMainSummary"":true}",Cost Centres,Month,Model Calendar,All,,19152,00.01%,,-,-,,,false,All Versions,,true,false,false,false,-,Total Phased,CAL12 Driver Phasing
Stationery Phased,"{""minimumSignificantDigits"":4,""decimalPlaces"":-1,""decimalSeparator"":""FULL_STOP"",""groupingSeparator"":""COMMA"",""negativeNumberNotation"":""MINUS_SIGN"",""unitsType"":""NONE"",""unitsDisplayType"":""NONE"",""zeroFormat"":""ZERO"",""comparisonIncrease"":""GOOD"",""dataType"":""NUMBER""}",IF 'SYS01 Time Settings'.Actual? THEN 0 ELSE 'INP02 Opex Drivers'.Stationery,"{""summaryMethod"":""SUM"",""timeSummaryMethod"":""SUM"",""timeSummarySameAsMainSummary"":true}",Cost Centres,Month,Model Calendar,All,,19152,00.01%,,-,-,,,false,All Versions,,true,false,false,false,-,Total Phased,CAL12 Driver Phasing
Printing Phased,"{""minimumSignificantDigits"":4,""decimalPlaces"":-1,""decimalSeparator"":""FULL_STOP"",""groupingSeparator"":""COMMA"",""negativeNumberNotation"":""MINUS_SIGN"",""unitsType"":""NONE"",""unitsDisplayType"":""NONE"",""zeroFormat"":""ZERO"",""comparisonIncrease"":""GOOD"",""dataType"":""NUMBER""}",IF 'SYS01 Time Settings'.Actual? THEN 0 ELSE 'INP02 Opex Drivers'.Printing,"{""summaryMethod"":""SUM"",""timeSummaryMethod"":""SUM"",""timeSummarySameAsMainSummary"":true}",Cost Centres,Month,Model Calendar,All,,19152,00.01%,,-,-,,,false,All Versions,,true,false,false,false,-,Total Phased,CAL12 Driver Phasing
Legal Fees Phased,"{""minimumSignificantDigits"":4,""decimalPlaces"":-1,""decimalSeparator"":""FULL_STOP"",""groupingSeparator"":""COMMA"",""negativeNumberNotation"":""MINUS_SIGN"",""unitsType"":""NONE"",""unitsDisplayType"":""NONE"",""zeroFormat"":""ZERO"",""comparisonIncrease"":""GOOD"",""dataType"":""NUMBER""}",IF 'SYS01 Time Settings'.Actual? THEN 0 ELSE 'INP02 Opex Drivers'.Legal Fees,"{""summaryMethod"":""SUM"",""timeSummaryMethod"":""SUM"",""timeSummarySameAsMainSummary"":true}",Cost Centres,Month,Model Calendar,All,,19152,00.01%,,-,-,,,false,All Versions,,true,false,false,false,-,Total Phased,CAL12 Driver Phasing
Audit Fees Phased,"{""minimumSignificantDigits"":4,""decimalPlaces"":-1,""decimalSeparator"":""FULL_STOP"",""groupingSeparator"":""COMMA"",""negativeNumberNotation"":""MINUS_SIGN"",""unitsType"":""NONE"",""unitsDisplayType"":""NONE"",""zeroFormat"":""ZERO"",""comparisonIncrease"":""GOOD"",""dataType"":""NUMBER""}",IF 'SYS01 Time Settings'.Actual? THEN 0 ELSE 'INP02 Opex Drivers'.Audit Fees,"{""summaryMethod"":""SUM"",""timeSummaryMethod"":""SUM"",""timeSummarySameAsMainSummary"":true}",Cost Centres,Month,Model Calendar,All,,19152,00.01%,,-,-,,,false,All Versions,,true,false,false,false,-,Total Phased,CAL12 Driver Phasing
Consultancy Phased,"{""minimumSignificantDigits"":4,""decimalPlaces"":-1,""decimalSeparator"":""FULL_STOP"",""groupingSeparator"":""COMMA"",""negativeNumberNotation"":""MINUS_SIGN"",""unitsType"":""NONE"",""unitsDisplayType"":""NONE"",""zeroFormat"":""ZERO"",""comparisonIncrease"":""GOOD"",""dataType"":""NUMBER""}",IF 'SYS01 Time Settings'.Actual? THEN 0 ELSE 'INP02 Opex Drivers'.Consultancy,"{""summaryMethod"":""SUM"",""timeSummaryMethod"":""SUM"",""timeSummarySameAsMainSummary"":true}",Cost Centres,Month,Model Calendar,All,,19152,00.01%,,-,-,,,false,All Versions,,true,false,false,false,-,Total Phased,CAL12 Driver Phasing
Contractors Phased,"{""minimumSignificantDigits"":4,""decimalPlaces"":-1,""decimalSeparator"":""FULL_STOP"",""groupingSeparator"":""COMMA"",""negativeNumberNotation"":""MINUS_SIGN"",""unitsType"":""NONE"",""unitsDisplayType"":""NONE"",""zeroFormat"":""ZERO"",""comparisonIncrease"":""GOOD"",""dataType"":""NUMBER""}",IF 'SYS01 Time Settings'.Actual? THEN 0 ELSE 'INP02 Opex Drivers'.Contractors,"{""summaryMethod"":""SUM"",""timeSummaryMethod"":""SUM"",""timeSummarySameAsMainSummary"":true}",Cost Centres,Month,Model Calendar,All,,19152,00.01%,,-,-,,,false,All Versions,,true,false,false,false,-,Total Phased,CAL12 Driver Phasing
Recruitment Fees Phased,"{""minimumSignificantDigits"":4,""decimalPlaces"":-1,""decimalSeparator"":""FULL_STOP"",""groupingSeparator"":""COMMA"",""negativeNumberNotation"":""MINUS_SIGN"",""unitsType"":""NONE"",""unitsDisplayType"":""NONE"",""zeroFormat"":""ZERO"",""comparisonIncrease"":""GOOD"",""dataType"":""NUMBER""}",IF 'SYS01 Time Settings'.Actual? THEN 0 ELSE 'INP02 Opex Drivers'.Recruitment Fees,"{""summaryMethod"":""SUM"",""timeSummaryMethod"":""SUM"",""timeSummarySameAsMainSummary"":true}",Cost Centres,Month,Model Calendar,All,,19152,00.01%,,-,-,,,false,All Versions,,true,false,false,false,-,Total Phased,CAL12 Driver Phasing
Training Phased,"{""minimumSignificantDigits"":4,""decimalPlaces"":-1,""decimalSeparator"":""FULL_STOP"",""groupingSeparator"":""COMMA"",""negativeNumberNotation"":""MINUS_SIGN"",""unitsType"":""NONE"",""unitsDisplayType"":""NONE"",""zeroFormat"":""ZERO"",""comparisonIncrease"":""GOOD"",""dataType"":""NUMBER""}",IF 'SYS01 Time Settings'.Actual? THEN 0 ELSE 'INP02 Opex Drivers'.Training,"{""summaryMethod"":""SUM"",""timeSummaryMethod"":""SUM"",""timeSummarySameAsMainSummary"":true}",Cost Centres,Month,Model Calendar,All,,19152,00.01%,,-,-,,,false,All Versions,,true,false,false,false,-,Total Phased,CAL12 Driver Phasing
Subscriptions Phased,"{""minimumSignificantDigits"":4,""decimalPlaces"":-1,""decimalSeparator"":""FULL_STOP"",""groupingSeparator"":""COMMA"",""negativeNumberNotation"":""MINUS_SIGN"",""unitsType"":""NONE"",""unitsDisplayType"":""NONE"",""zeroFormat"":""ZERO"",""comparisonIncrease"":""GOOD"",""dataType"":""NUMBER""}",IF 'SYS01 Time Settings'.Actual? THEN 0 ELSE 'INP02 Opex Drivers'.Subscriptions,"{""summaryMethod"":""SUM"",""timeSummaryMethod"":""SUM"",""timeSummarySameAsMainSummary"":true}",Cost Centres,Month,Model Calendar,All,,19152,00.01%,,-,-,,,false,All Versions,,true,false,false,false,-,Total Phased,CAL12 Driver Phasing
Memberships Phased,"{""minimumSignificantDigits"":4,""decimalPlaces"":-1,""decimalSeparator"":""FULL_STOP"",""groupingSeparator"":""COMMA"",""negativeNumberNotation"":""MINUS_SIGN"",""unitsType"":""NONE"",""unitsDisplayType"":""NONE"",""zeroFormat"":""ZERO"",""comparisonIncrease"":""GOOD"",""dataType"":""NUMBER""}",IF 'SYS01 Time Settings'.Actual? THEN 0 ELSE 'INP02 Opex Drivers'.Memberships,"{""summaryMethod"":""SUM"",""timeSummaryMethod"":""SUM"",""timeSummarySameAsMainSummary"":true}",Cost Centres,Month,Model Calendar,All,,19152,00.01%,,-,-,,,false,All Versions,,true,false,false,false,-,Total Phased,CAL12 Driver Phasing
Total Phased,"{""minimumSignificantDigits"":4,""decimalPlaces"":-1,""decimalSeparator"":""FULL_STOP"",""groupingSeparator"":""COMMA"",""negativeNumberNotation"":""MINUS_SIGN"",""unitsType"":""NONE"",""unitsDisplayType"":""NONE"",""zeroFormat"":""ZERO"",""comparisonIncrease"":""GOOD"",""dataType"":""NUMBER""}",Rent Phased + Business Rates Phased + Utilities Phased + Cleaning Phased + Security Phased + Insurance Phased + Travel Phased + Subsistence Phased + Mileage Phased + Hotels Phased + Marketing Events Phased + Marketing Digital Phased + Marketing Print Phased + Agency Fees Phased + Software Licences Phased + Software Support Phased + Hardware Phased + Telecoms Phased + Mobile Phased + Postage Phased + Stationery Phased + Printing Phased + Legal Fees Phased + Audit Fees Phased + Consultancy Phased + Contractors Phased + Recruitment Fees Phased + Training Phased + Subscriptions Phased + Memberships Phased,"{""summaryMethod"":""SUM"",""timeSummaryMethod"":""SUM"",""timeSummarySameAsMainSummary"":true}",Cost Centres,Month,Model Calendar,All,,19152,00.09%,,-,-,,,false,All Versions,,true,false,false,false,-,'OUT01 Management Pack'.Phased Drivers,CAL12 Driver Phasing
OUT01 Management Pack,,,,Cost Centres,Month,Model Calendar,All,,210672,,,,,Show All Users: On,,,,,,New Line Items: Off,,,,,
Revenue,"{""minimumSignificantDigits"":4,""decimalPlaces"":-1,""decimalSeparator"":""FULL_STOP"",""groupingSeparator"":""COMMA"",""negativeNumberNotation"":""MINUS_SIGN"",""unitsType"":""NONE"",""unitsDisplayType"":""NONE"",""zeroFormat"":""ZERO"",""comparisonIncrease"":""GOOD"",""dataType"":""NUMBER""}",'CAL11 Reporting Prep'.Revenue,"{""summaryMethod"":""SUM"",""timeSummaryMethod"":""SUM"",""timeSummarySameAsMainSummary"":true}",Cost Centres,Month,Model Calendar,All,,19152,00.01%,,-,-,,,false,All Versions,,true,false,false,false,-,"Revenue YTD, 'OUT02 Board Pack'.Budget Revenue, 'OUT02 Board Pack'.Old Budget Revenue, 'OUT02 Board Pack'.Revenue",OUT01 Management Pack
EBITDA,"{""minimumSignificantDigits"":4,""decimalPlaces"":-1,""decimalSeparator"":""FULL_STOP"",""groupingSeparator"":""COMMA"",""negativeNumberNotation"":""MINUS_SIGN"",""unitsType"":""NONE"",""unitsDisplayType"":""NONE"",""zeroFormat"":""ZERO"",""comparisonIncrease"":""GOOD"",""dataType"":""NUMBER""}",'CAL11 Reporting Prep'.EBITDA,"{""summaryMethod"":""SUM"",""timeSummaryMethod"":""SUM"",""timeSummarySameAsMainSummary"":true}",Cost Centres,Month,Model Calendar,All,,19152,00.01%,,-,-,,,false,All Versions,,true,false,false,false,-,"EBITDA YTD, 'OUT02 Board Pack'.EBITDA",OUT01 Management Pack
Opex,"{""minimumSignificantDigits"":4,""decimalPlaces"":-1,""decimalSeparator"":""FULL_STOP"",""groupingSeparator"":""COMMA"",""negativeNumberNotation"":""MINUS_SIGN"",""unitsType"":""NONE"",""unitsDisplayType"":""NONE"",""zeroFormat"":""ZERO"",""comparisonIncrease"":""GOOD"",""dataType"":""NUMBER""}",'CAL11 Reporting Prep'.Opex,"{""summaryMethod"":""SUM"",""timeSummaryMethod"":""SUM"",""timeSummarySameAsMainSummary"":true}",Cost Centres,Month,Model Calendar,All,,19152,00.01%,,-,-,,,false,All Versions,,true,false,false,false,-,,OUT01 Management Pack
Staff Cost,"{""minimumSignificantDigits"":4,""decimalPlaces"":-1,""decimalSeparator"":""FULL_STOP"",""groupingSeparator"":""COMMA"",""negativeNumberNotation"":""MINUS_SIGN"",""unitsType"":""NONE"",""unitsDisplayType"":""NONE"",""zeroFormat"":""ZERO"",""comparisonIncrease"":""GOOD"",""dataType"":""NUMBER""}",'CAL11 Reporting Prep'.Staff Cost,"{""summaryMethod"":""SUM"",""timeSummaryMethod"":""SUM"",""timeSummarySameAsMainSummary"":true}",Cost Centres,Month,Model Calendar,All,,19152,00.01%,,-,-,,,false,All Versions,,true,false,false,false,-,,OUT01 Management Pack
Total Cost,"{""minimumSignificantDigits"":4,""decimalPlaces"":-1,""decimalSeparator"":""FULL_STOP"",""groupingSeparator"":""COMMA"",""negativeNumberNotation"":""MINUS_SIGN"",""unitsType"":""NONE"",""unitsDisplayType"":""NONE"",""zeroFormat"":""ZERO"",""comparisonIncrease"":""GOOD"",""dataType"":""NUMBER""}",'CAL11 Reporting Prep'.Total Cost,"{""summaryMethod"":""SUM"",""timeSummaryMethod"":""SUM"",""timeSummarySameAsMainSummary"":true}",Cost Centres,Month,Model Calendar,All,,19152,00.01%,,-,-,,,false,All Versions,,true,false,false,false,-,,OUT01 Management Pack
Headcount,"{""minimumSignificantDigits"":4,""decimalPlaces"":-1,""decimalSeparator"":""FULL_STOP"",""groupingSeparator"":""COMMA"",""negativeNumberNotation"":""MINUS_SIGN"",""unitsType"":""NONE"",""unitsDisplayType"":""NONE"",""zeroFormat"":""ZERO"",""comparisonIncrease"":""GOOD"",""dataType"":""NUMBER""}",'INP03 Headcount'.FTE,"{""summaryMethod"":""SUM"",""timeSummaryMethod"":""SUM"",""timeSummarySameAsMainSummary"":true}",Cost Centres,Month,Model Calendar,All,,19152,00.01%,,-,-,,,false,All Versions,,true,false,false,false,-,,OUT01 Management Pack
Capex,"{""minimumSignificantDigits"":4,""decimalPlaces"":-1,""decimalSeparator"":""FULL_STOP"",""groupingSeparator"":""COMMA"",""negativeNumberNotation"":""MINUS_SIGN"",""unitsType"":""NONE"",""unitsDisplayType"":""NONE"",""zeroFormat"":""ZERO"",""comparisonIncrease"":""GOOD"",""dataType"":""NUMBER""}",'INP04 Capex'.Capex Spend,"{""summaryMethod"":""SUM"",""timeSummaryMethod"":""SUM"",""timeSummarySameAsMainSummary"":true}",Cost Centres,Month,Model Calendar,All,,19152,00.01%,,-,-,,,false,All Versions,,true,false,false,false,-,,OUT01 Management Pack
Depreciation,"{""minimumSignificantDigits"":4,""decimalPlaces"":-1,""decimalSeparator"":""FULL_STOP"",""groupingSeparator"":""COMMA"",""negativeNumberNotation"":""MINUS_SIGN"",""unitsType"":""NONE"",""unitsDisplayType"":""NONE"",""zeroFormat"":""ZERO"",""comparisonIncrease"":""GOOD"",""dataType"":""NUMBER""}",'CAL10 Depreciation'.Charge,"{""summaryMethod"":""SUM"",""timeSummaryMethod"":""SUM"",""timeSummarySameAsMainSummary"":true}",Cost Centres,Month,Model Calendar,All,,19152,00.01%,,-,-,,,false,All Versions,,true,false,false,false,-,,OUT01 Management Pack
Revenue YTD,"{""minimumSignificantDigits"":4,""decimalPlaces"":-1,""decimalSeparator"":""FULL_STOP"",""groupingSeparator"":""COMMA"",""negativeNumberNotation"":""MINUS_SIGN"",""unitsType"":""NONE"",""unitsDisplayType"":""NONE"",""zeroFormat"":""ZERO"",""comparisonIncrease"":""GOOD"",""dataType"":""NUMBER""}",YEARTODATE(Revenue),"{""summaryMethod"":""SUM"",""timeSummaryMethod"":""SUM"",""timeSummarySameAsMainSummary"":true}",Cost Centres,Month,Model Calendar,All,,19152,00.01%,,-,-,,,false,All Versions,,true,false,false,false,-,,OUT01 Management Pack
EBITDA YTD,"{""minimumSignificantDigits"":4,""decimalPlaces"":-1,""decimalSeparator"":""FULL_STOP"",""groupingSeparator"":""COMMA"",""negativeNumberNotation"":""MINUS_SIGN"",""unitsType"":""NONE"",""unitsDisplayType"":""NONE"",""zeroFormat"":""ZERO"",""comparisonIncrease"":""GOOD"",""dataType"":""NUMBER""}",YEARTODATE(EBITDA),"{""summaryMethod"":""SUM"",""timeSummaryMethod"":""SUM"",""timeSummarySameAsMainSummary"":true}",Cost Centres,Month,Model Calendar,All,,19152,00.01%,,-,-,,,false,All Versions,,true,false,false,false,-,,OUT01 Management Pack
Phased Drivers,"{""minimumSignificantDigits"":4,""decimalPlaces"":-1,""decimalSeparator"":""FULL_STOP"",""groupingSeparator"":""COMMA"",""negativeNumberNotation"":""MINUS_SIGN"",""unitsType"":""NONE"",""unitsDisplayType"":""NONE"",""zeroFormat"":""ZERO"",""comparisonIncrease"":""GOOD"",""dataType"":""NUMBER""}",'CAL12 Driver Phasing'.Total Phased,"{""summaryMethod"":""SUM"",""timeSummaryMethod"":""SUM"",""timeSummarySameAsMainSummary"":true}",Cost Centres,Month,Model Calendar,All,,19152,00.01%,,-,-,,,false,All Versions,,true,false,false,false,-,,OUT01 Management Pack
OUT02 Board Pack,,,,Cost Centres,Month,Model Calendar,All,,114912,,,,,Show All Users: On,,,,,,New Line Items: Off,,,,,
Revenue,"{""minimumSignificantDigits"":4,""decimalPlaces"":-1,""decimalSeparator"":""FULL_STOP"",""groupingSeparator"":""COMMA"",""negativeNumberNotation"":""MINUS_SIGN"",""unitsType"":""NONE"",""unitsDisplayType"":""NONE"",""zeroFormat"":""ZERO"",""comparisonIncrease"":""GOOD"",""dataType"":""NUMBER""}",'OUT01 Management Pack'.Revenue,"{""summaryMethod"":""SUM"",""timeSummaryMethod"":""SUM"",""timeSummarySameAsMainSummary"":true}",Cost Centres,Month,Model Calendar,All,,19152,00.01%,,-,-,,,false,All Versions,,true,false,false,false,-,Revenue Variance,OUT02 Board Pack
EBITDA,"{""minimumSignificantDigits"":4,""decimalPlaces"":-1,""decimalSeparator"":""FULL_STOP"",""groupingSeparator"":""COMMA"",""negativeNumberNotation"":""MINUS_SIGN"",""unitsType"":""NONE"",""unitsDisplayType"":""NONE"",""zeroFormat"":""ZERO"",""comparisonIncrease"":""GOOD"",""dataType"":""NUMBER""}",'OUT01 Management Pack'.EBITDA,"{""summaryMethod"":""SUM"",""timeSummaryMethod"":""SUM"",""timeSummarySameAsMainSummary"":true}",Cost Centres,Month,Model Calendar,All,,19152,00.01%,,-,-,,,false,All Versions,,true,false,false,false,-,,OUT02 Board Pack
Budget Revenue,"{""minimumSignificantDigits"":4,""decimalPlaces"":-1,""decimalSeparator"":""FULL_STOP"",""groupingSeparator"":""COMMA"",""negativeNumberNotation"":""MINUS_SIGN"",""unitsType"":""NONE"",""unitsDisplayType"":""NONE"",""zeroFormat"":""ZERO"",""comparisonIncrease"":""GOOD"",""dataType"":""NUMBER""}",'OUT01 Management Pack'.Revenue[SELECT: VERSIONS.Budget],"{""summaryMethod"":""SUM"",""timeSummaryMethod"":""SUM"",""timeSummarySameAsMainSummary"":true}",Cost Centres,Month,Model Calendar,All,,19152,00.01%,,-,-,,,false,All Versions,,true,false,false,false,-,"Revenue Variance, Revenue Variance %",OUT02 Board Pack
Old Budget Revenue,"{""minimumSignificantDigits"":4,""decimalPlaces"":-1,""decimalSeparator"":""FULL_STOP"",""groupingSeparator"":""COMMA"",""negativeNumberNotation"":""MINUS_SIGN"",""unitsType"":""NONE"",""unitsDisplayType"":""NONE"",""zeroFormat"":""ZERO"",""comparisonIncrease"":""GOOD"",""dataType"":""NUMBER""}",'OUT01 Management Pack'.Revenue[SELECT: VERSIONS.'Budget v2 DO NOT USE'],"{""summaryMethod"":""SUM"",""timeSummaryMethod"":""SUM"",""timeSummarySameAsMainSummary"":true}",Cost Centres,Month,Model Calendar,All,,19152,00.01%,Q3 2023 restatement. Board pack still shows both. Ask Dan before removing.,-,-,,,false,All Versions,,true,false,false,false,-,,OUT02 Board Pack
Revenue Variance,"{""minimumSignificantDigits"":4,""decimalPlaces"":-1,""decimalSeparator"":""FULL_STOP"",""groupingSeparator"":""COMMA"",""negativeNumberNotation"":""MINUS_SIGN"",""unitsType"":""NONE"",""unitsDisplayType"":""NONE"",""zeroFormat"":""ZERO"",""comparisonIncrease"":""GOOD"",""dataType"":""NUMBER""}",Revenue - Budget Revenue,"{""summaryMethod"":""SUM"",""timeSummaryMethod"":""SUM"",""timeSummarySameAsMainSummary"":true}",Cost Centres,Month,Model Calendar,All,,19152,00.01%,,-,-,,,false,All Versions,,true,false,false,false,-,Revenue Variance %,OUT02 Board Pack
Revenue Variance %,"{""minimumSignificantDigits"":4,""decimalPlaces"":1,""decimalSeparator"":""FULL_STOP"",""groupingSeparator"":""COMMA"",""negativeNumberNotation"":""MINUS_SIGN"",""unitsType"":""PERCENTAGE"",""unitsDisplayType"":""PERCENTAGE"",""zeroFormat"":""ZERO"",""comparisonIncrease"":""GOOD"",""dataType"":""NUMBER""}","DIVIDE(Revenue Variance, Budget Revenue)","{""summaryMethod"":""FORMULA"",""timeSummaryMethod"":""FORMULA"",""timeSummarySameAsMainSummary"":true}",Cost Centres,Month,Model Calendar,All,,19152,00.01%,,-,-,,,false,All Versions,,true,false,false,false,-,,OUT02 Board Pack
